26/12/2014;23:34:29;-20.49;6.52;6;63;-0.01;0;28.41;0
26/12/2014;23:34:59;-21.4;6.62;6;63;0.08;0;27.3;0
26/12/2014;23:35:29;-21.55;6.64;6;63;0.1;0;27.3;0
26/12/2014;23:35:59;-21.8;6.66;6;63;0.12;0;27.3;0
26/12/2014;23:36:29;-21.79;6.64;6;63;0.1;0;27.3;0
26/12/2014;23:36:59;-21.58;6.62;6;63;0.08;0;27.08;0
26/12/2014;23:37:29;-21.58;6.62;6;63;0.08;0;27.08;0
26/12/2014;23:37:59;-21.72;6.54;6;63;0.01;0;27.08;0
26/12/2014;23:38:29;-21.9;6.54;6;63;0.01;0;27.3;0
26/12/2014;23:38:59;-21.71;6.42;6;63;-0.11;0;27.08;0
26/12/2014;23:39:29;-21.57;6.4;6;63;-0.13;0;27.08;0
26/12/2014;23:39:59;-21.37;6.4;6;63;-0.13;0;27.08;0
26/12/2014;23:40:29;-21.54;6.32;6;63;-0.2;0;27.08;0
26/12/2014;23:40:59;-21.47;6.3;6;63;-0.22;0;27.08;0
26/12/2014;23:41:29;-21.3;6.32;6;63;-0.2;0;27.08;0
26/12/2014;23:41:59;-21.43;6.3;6;63;-0.22;0;27.08;0
26/12/2014;23:42:29;-21.39;6.3;6;63;-0.22;0;27.52;0
26/12/2014;23:42:59;-21.33;6.3;6;63;-0.22;0;27.3;0
26/12/2014;23:43:29;-21.45;6.24;6;63;-0.28;0;27.08;0
26/12/2014;23:43:59;-21.55;6.22;6;63;-0.3;0;27.08;0
26/12/2014;23:44:29;-21.49;6.18;6;63;-0.34;0;27.52;0
26/12/2014;23:44:59;-21.57;6.1;6;63;-0.41;0;27.3;0
26/12/2014;23:45:29;-21.64;6.02;6;63;-0.49;0;27.08;0
26/12/2014;23:45:59;-21.34;6.02;6;62;-0.71;0;27.3;0
26/12/2014;23:46:29;-21.25;6.04;6;62;-0.69;0;27.08;0
26/12/2014;23:46:59;-21.57;6;6;62;-0.72;0;27.08;0
26/12/2014;23:47:29;-21.37;6;6;62;-0.72;0;27.08;0
26/12/2014;23:47:59;-21.31;5.92;6;62;-0.8;0;27.08;0
26/12/2014;23:48:29;-21.45;5.94;6;62;-0.78;0;27.08;0
26/12/2014;23:48:59;-21.45;5.92;6;62;-0.8;0;27.08;0
26/12/2014;23:49:29;-21.34;5.9;6;62;-0.82;0;27.08;0
26/12/2014;23:49:59;-21.3;5.9;5;62;-0.82;0;27.3;0
26/12/2014;23:50:29;-21.25;5.88;5;62;-0.84;0;27.52;0
26/12/2014;23:50:59;-21.34;5.9;6;62;-0.82;0;27.08;0
26/12/2014;23:51:29;-21.4;5.9;6;62;-0.82;0;27.3;0
26/12/2014;23:51:59;-21.44;5.9;6;62;-0.82;0;27.3;0
26/12/2014;23:52:30;-21.4;5.9;6;62;-0.82;0;27.08;0
26/12/2014;23:52:59;-21.45;5.92;6;62;-0.8;0;27.52;0
26/12/2014;23:53:29;-21.44;5.9;6;62;-0.82;0;27.3;0
26/12/2014;23:53:59;-21.64;5.9;6;62;-0.82;0;27.52;0
26/12/2014;23:54:29;-21.59;5.86;6;62;-0.86;0;27.3;0
26/12/2014;23:54:59;-21.77;5.86;6;62;-0.86;0;26.86;0
26/12/2014;23:55:29;-21.77;5.88;6;63;-0.62;0;26.86;0
26/12/2014;23:55:59;-21.6;5.9;6;62;-0.82;0;27.08;0
26/12/2014;23:56:30;-21.64;5.9;6;63;-0.6;0;26.86;0
26/12/2014;23:56:59;-21.77;5.88;6;63;-0.62;0;26.86;0
26/12/2014;23:57:29;-21.49;5.88;6;63;-0.62;0;26.86;0
26/12/2014;23:57:59;-21.53;5.86;6;63;-0.64;0;26.86;0
26/12/2014;23:58:29;-21.49;5.88;5;63;-0.62;0;26.86;0
26/12/2014;23:59:01;-21.64;5.9;6;63;-0.6;0;26.86;0
26/12/2014;23:59:29;-21.75;5.94;5;63;-0.56;0;27.08;0
26/12/2014;23:59:59;-21.61;5.92;5;63;-0.58;0;27.3;0
27/12/2014;0:00:29;-21.41;5.92;5;63;-0.58;0;27.08;0
27/12/2014;0:00:59;-21.68;5.9;5;63;-0.6;0;26.86;0
27/12/2014;0:01:29;-21.61;5.94;5;63;-0.56;0;26.86;0
27/12/2014;0:01:59;-21.54;5.9;5;63;-0.6;0;26.86;0
27/12/2014;0:02:29;-21.45;5.92;6;62;-0.8;0;26.64;0
27/12/2014;0:02:59;-21.65;5.92;6;63;-0.58;0;26.64;0
27/12/2014;0:03:29;-21.61;5.92;6;63;-0.58;0;27.08;0
27/12/2014;0:03:59;-22.02;5.9;5;63;-0.6;0;26.86;0
27/12/2014;0:04:29;-21.61;5.92;5;63;-0.58;0;27.08;0
27/12/2014;0:05:00;-21.93;5.88;5;63;-0.62;0;26.86;0
27/12/2014;0:05:30;-21.77;5.88;5;63;-0.62;0;26.86;0
27/12/2014;0:06:00;-21.67;5.88;5;62;-0.84;0;26.64;0
27/12/2014;0:06:29;-21.49;5.88;5;62;-0.84;0;26.64;0
27/12/2014;0:06:59;-21.64;5.9;5;62;-0.82;0;26.64;0
27/12/2014;0:07:30;-21.44;5.9;5;62;-0.82;0;26.86;0
27/12/2014;0:08:00;-21.67;5.86;5;62;-0.86;0;26.64;0
27/12/2014;0:08:30;-21.73;5.86;5;62;-0.86;0;26.64;0
27/12/2014;0:09:00;-21.73;5.88;5;62;-0.84;0;26.64;0
27/12/2014;0:09:30;-21.49;5.88;5;62;-0.84;0;26.64;0
27/12/2014;0:10:00;-21.73;5.86;5;62;-0.86;0;26.86;0
27/12/2014;0:10:30;-21.67;5.86;5;62;-0.86;0;27.08;0
27/12/2014;0:11:00;-21.63;5.86;5;62;-0.86;0;26.64;0
27/12/2014;0:11:30;-21.52;5.84;5;62;-0.86;0;26.64;0
27/12/2014;0:11:59;-21.38;5.84;5;62;-0.88;0;26.64;0
27/12/2014;0:12:30;-21.76;5.84;5;62;-0.88;0;26.43;0
27/12/2014;0:13:00;-21.42;5.84;5;62;-0.88;0;26.64;0
27/12/2014;0:13:30;-21.66;5.84;5;62;-0.88;0;26.43;0
27/12/2014;0:14:00;-21.53;5.86;7;63;-0.64;0;26.64;0
27/12/2014;0:14:30;-21.52;5.84;5;62;-0.88;0;26.64;0
27/12/2014;0:15:00;-21.63;5.86;5;62;-0.86;0;26.43;0
27/12/2014;0:15:30;-21.43;5.88;5;62;-0.84;0;26.86;0
27/12/2014;0:16:00;-21.48;5.84;5;62;-0.88;0;26.43;0
27/12/2014;0:16:30;-21.58;5.84;5;62;-0.88;0;26.64;0
27/12/2014;0:17:00;-21.63;5.86;5;61;-1.08;0;26.43;0
27/12/2014;0:17:30;-21.47;5.82;5;61;-1.12;0;26.43;0
27/12/2014;0:18:00;-21.48;5.84;5;61;-1.1;0;26.64;0
27/12/2014;0:18:30;-21.81;5.8;5;61;-1.14;0;26.86;0
27/12/2014;0:19:00;-21.47;5.82;5;61;-1.12;0;26.64;0
27/12/2014;0:19:30;-21.84;5.78;5;61;-1.15;0;26.64;0
27/12/2014;0:20:00;-21.51;5.82;5;61;-1.12;0;26.43;0
27/12/2014;0:20:30;-21.5;5.78;5;61;-1.15;0;26.64;0
27/12/2014;0:21:00;-21.57;5.82;5;61;-1.12;0;26.43;0
27/12/2014;0:21:30;-21.57;5.8;5;61;-1.14;0;26.43;0
27/12/2014;0:22:00;-21.51;5.82;5;61;-1.12;0;26.43;0
27/12/2014;0:22:30;-21.57;5.82;5;61;-1.12;0;26.43;0
27/12/2014;0:23:00;-21.74;5.78;5;61;-1.15;0;26.43;0
27/12/2014;0:23:30;-21.71;5.82;5;61;-1.12;0;26.43;0
27/12/2014;0:24:00;-21.61;5.82;5;61;-1.12;0;26.43;0
27/12/2014;0:24:30;-21.75;5.82;5;61;-1.12;0;26.64;0
27/12/2014;0:25:00;-21.7;5.78;5;61;-1.15;0;26.64;0
27/12/2014;0:25:30;-21.75;5.8;5;61;-1.14;0;26.64;0
27/12/2014;0:26:00;-21.83;5.74;5;61;-1.19;0;26.43;0
27/12/2014;0:26:30;-21.9;5.78;5;61;-1.15;0;26.43;0
27/12/2014;0:27:00;-21.94;5.78;5;60;-1.38;0;26.64;0
27/12/2014;0:27:30;-22.06;5.72;5;61;-1.21;0;26.86;0
27/12/2014;0:28:00;-21.93;5.74;5;60;-1.42;0;26.64;0
27/12/2014;0:28:30;-22.22;5.72;5;60;-1.44;0;26.43;0
27/12/2014;0:29:00;-22.05;5.7;5;60;-1.46;0;26.64;0
27/12/2014;0:29:30;-22.11;5.7;5;60;-1.46;0;26.43;0
27/12/2014;0:30:00;-22.48;5.66;5;60;-1.49;0;26.64;0
27/12/2014;0:30:30;-22.28;5.62;5;60;-1.53;0;26.43;0
27/12/2014;0:31:00;-22.72;5.6;6;63;-0.88;0;26.43;0
27/12/2014;0:31:30;-22.12;5.6;5;60;-1.55;0;26.64;0
27/12/2014;0:32:00;-22.12;5.6;5;60;-1.55;0;26.64;0
27/12/2014;0:32:30;-22.17;5.58;5;60;-1.57;0;26.64;0
27/12/2014;0:33:00;-22.46;5.62;5;60;-1.53;0;26.43;0
27/12/2014;0:33:30;-22.26;5.56;5;60;-1.59;0;26.43;0
27/12/2014;0:34:00;-22.16;5.56;5;60;-1.59;0;26.43;0
27/12/2014;0:34:30;-22.25;5.52;5;60;-1.62;0;26.86;0
27/12/2014;0:35:00;-22.17;5.58;5;60;-1.57;0;26.64;0
27/12/2014;0:35:30;-22.5;5.56;5;60;-1.59;0;26.43;0
27/12/2014;0:36:00;-22.2;5.56;5;60;-1.59;0;26.64;0
27/12/2014;0:36:30;-22.19;5.52;5;60;-1.62;0;26.64;0
27/12/2014;0:37:00;-22.16;5.56;5;60;-1.59;0;26.43;0
27/12/2014;0:37:30;-22.63;5.52;5;60;-1.62;0;26.43;0
27/12/2014;0:38:00;-22.53;5.52;5;60;-1.62;0;26.43;0
27/12/2014;0:38:30;-22.68;5.48;5;60;-1.66;0;26.43;0
27/12/2014;0:39:00;-22.48;5.5;5;60;-1.64;0;26.43;0
27/12/2014;0:39:30;-22.28;5.48;5;60;-1.66;0;26.21;0
27/12/2014;0:40:00;-22.29;5.52;5;60;-1.62;0;26.43;0
27/12/2014;0:40:30;-22.58;5.48;5;60;-1.66;0;26.43;0
27/12/2014;0:41:00;-22.48;5.5;5;60;-1.64;0;26.43;0
27/12/2014;0:41:30;-22.52;5.48;5;60;-1.66;0;26.64;0
27/12/2014;0:42:00;-22.56;5.44;5;60;-1.7;0;26.64;0
27/12/2014;0:42:30;-22.18;5.48;5;60;-1.66;0;26.43;0
27/12/2014;0:43:00;-22.03;5.46;5;60;-1.68;0;26.43;0
27/12/2014;0:43:30;-22.28;5.48;5;60;-1.66;0;26.21;0
27/12/2014;0:44:00;-22.18;5.48;5;60;-1.66;0;26.43;0
27/12/2014;0:44:30;-22.42;5.48;5;60;-1.66;0;26.43;0
27/12/2014;0:45:00;-22.31;5.46;5;60;-1.68;0;26.43;0
27/12/2014;0:45:30;-22.3;5.42;5;59;-1.95;0;26.43;0
27/12/2014;0:46:00;-22.45;5.4;5;59;-1.97;0;26.43;0
27/12/2014;0:46:30;-22.44;5.38;5;59;-1.98;0;26.43;0
27/12/2014;0:47:00;-22.27;5.34;5;59;-2.02;0;26.86;0
27/12/2014;0:47:30;-22.48;5.38;5;59;-1.98;0;26.64;0
27/12/2014;0:48:00;-22.58;5.36;5;59;-2;0;26.64;0
27/12/2014;0:48:30;-22.33;5.34;5;59;-2.02;0;26.43;0
27/12/2014;0:49:00;-22.42;5.3;5;59;-2.06;0;26.43;0
27/12/2014;0:49:30;-22.41;5.28;6;62;-1.41;0;26.43;0
27/12/2014;0:50:00;-22.32;5.3;5;59;-2.06;0;26.43;0
27/12/2014;0:50:30;-22.52;5.3;5;59;-2.06;0;26.43;0
27/12/2014;0:51:00;-22.5;5.26;5;59;-2.1;0;26.64;0
27/12/2014;0:51:30;-22.35;5.28;5;59;-2.08;0;26.64;0
27/12/2014;0:52:00;-22.4;5.26;5;59;-2.1;0;26.43;0
27/12/2014;0:52:30;-22.3;5.26;5;59;-2.1;0;26.21;0
27/12/2014;0:53:00;-22.3;5.26;5;59;-2.1;0;26.43;0
27/12/2014;0:53:30;-22.34;5.26;5;59;-2.1;0;26.21;0
27/12/2014;0:54:00;-22.3;5.26;5;59;-2.1;0;26.43;0
27/12/2014;0:54:30;-22.49;5.22;5;59;-2.13;0;26.21;0
27/12/2014;0:55:00;-22.4;5.24;5;59;-2.12;0;26.21;0
27/12/2014;0:55:30;-22.5;5.24;5;59;-2.12;0;26.43;0
27/12/2014;0:56:00;-22.43;5.22;5;59;-2.13;0;26.43;0
27/12/2014;0:56:30;-22.33;5.22;5;59;-2.13;0;26.43;0
27/12/2014;0:57:00;-22.69;5.22;5;59;-2.13;0;26.21;0
27/12/2014;0:57:30;-22.47;5.16;6;61;-1.74;0;26.43;0
27/12/2014;0:58:00;-22.19;5.22;5;59;-2.13;0;26.43;0
27/12/2014;0:58:30;-22.33;5.22;5;59;-2.13;0;26.43;0
27/12/2014;0:59:00;-22.42;5.18;5;59;-2.17;0;26.43;0
27/12/2014;0:59:30;-22.33;5.22;6;61;-1.68;0;26.43;0
27/12/2014;1:00:00;-22.22;5.18;5;59;-2.17;0;26.86;0
27/12/2014;1:00:30;-22.14;5.18;5;59;-2.17;0;26.64;0
27/12/2014;1:01:00;-22.26;5.14;5;59;-2.21;0;26.64;0
27/12/2014;1:01:30;-22.37;5.16;5;59;-2.19;0;26.43;0
27/12/2014;1:02:00;-22.37;5.16;5;59;-2.19;0;26.43;0
27/12/2014;1:02:30;-22.31;5.16;5;59;-2.19;0;26.64;0
27/12/2014;1:03:00;-22.46;5.14;5;59;-2.21;0;26.43;0
27/12/2014;1:03:30;-22.31;5.16;5;59;-2.19;0;26.64;0
27/12/2014;1:04:00;-22.14;5.18;6;61;-1.72;0;27.08;0
27/12/2014;1:04:30;-22.41;5.16;5;59;-2.19;0;26.64;0
27/12/2014;1:05:00;-22.48;5.18;5;59;-2.17;0;26.43;0
27/12/2014;1:05:30;-22.36;5.14;5;59;-2.21;0;26.43;0
27/12/2014;1:06:00;-22.42;5.18;5;59;-2.17;0;26.43;0
27/12/2014;1:06:30;-22.36;5.14;5;59;-2.21;0;26.43;0
27/12/2014;1:07:00;-22.5;5.12;5;59;-2.23;0;26.43;0
27/12/2014;1:07:30;-22.4;5.14;6;61;-1.76;0;26.64;0
27/12/2014;1:08:00;-22.46;5.14;5;59;-2.21;0;26.21;0
27/12/2014;1:08:30;-22.25;5.1;5;59;-2.25;0;26.21;0
27/12/2014;1:09:00;-22.4;5.12;4;60;-1.98;0;26.43;0
27/12/2014;1:09:30;-22.36;5.12;5;59;-2.23;0;26.43;0
27/12/2014;1:10:00;-22.36;5.12;4;60;-2;0;26.43;0
27/12/2014;1:10:30;-22.49;5.1;6;61;-1.8;0;26.43;0
27/12/2014;1:11:00;-22.29;5.1;4;60;-2.02;0;26.21;0
27/12/2014;1:11:30;-22.29;5.1;4;60;-2.02;0;26.43;0
27/12/2014;1:12:00;-22.25;5.1;4;60;-2.02;0;26.43;0
27/12/2014;1:12:30;-22.48;5.06;4;60;-2.06;0;26.43;0
27/12/2014;1:13:00;-22.15;5.1;4;60;-2.02;0;27.08;0
27/12/2014;1:13:30;-22.25;5.1;4;60;-2.02;0;26.43;0
27/12/2014;1:14:00;-22.39;5.1;4;60;-2.02;0;26.43;0
27/12/2014;1:14:30;-22.23;5.04;4;60;-2.08;0;26.43;0
27/12/2014;1:15:00;-22.53;5.04;6;61;-1.85;0;26.21;0
27/12/2014;1:15:30;-22.46;5.02;6;61;-1.87;0;26.21;0
27/12/2014;1:16:00;-22.28;5.06;4;60;-2.06;0;26.43;0
27/12/2014;1:16:30;-22.33;5.04;4;60;-2.08;0;26.43;0
27/12/2014;1:17:00;-22.32;5.02;4;60;-2.1;0;26.43;0
27/12/2014;1:17:30;-22.32;5.02;4;60;-2.1;0;26.43;0
27/12/2014;1:18:00;-22.26;5.02;4;60;-2.1;0;26.43;0
27/12/2014;1:18:30;-22.32;5.02;4;60;-2.1;0;26.64;0
27/12/2014;1:19:00;-22.32;5;4;60;-2.11;0;26.43;0
27/12/2014;1:19:30;-22.31;4.98;4;60;-2.13;0;26.43;0
27/12/2014;1:20:00;-22.26;5;6;61;-1.89;0;26.43;0
27/12/2014;1:20:30;-22.26;5;4;60;-2.11;0;26.43;0
27/12/2014;1:21:00;-22.3;4.96;4;60;-2.15;0;26.43;0
27/12/2014;1:21:30;-22.32;5.02;4;60;-2.1;0;26.43;0
27/12/2014;1:22:00;-22.26;5;4;60;-2.11;0;26.21;0
27/12/2014;1:22:30;-22.16;5.02;6;61;-1.87;0;26.21;0
27/12/2014;1:23:00;-22.22;5.02;4;60;-2.1;0;26.21;0
27/12/2014;1:23:30;-22.31;4.98;4;60;-2.13;0;26.21;0
27/12/2014;1:24:00;-22.22;5;6;61;-1.89;0;26.21;0
27/12/2014;1:24:30;-22.25;4.98;6;61;-1.91;0;26.21;0
27/12/2014;1:25:00;-22.24;4.96;4;60;-2.15;0;26.21;0
27/12/2014;1:25:30;-22.02;5;4;60;-2.11;0;26.21;0
27/12/2014;1:26:00;-22.15;4.98;6;61;-1.91;0;26.21;0
27/12/2014;1:26:30;-21.91;4.98;6;61;-1.91;0;26.21;0
27/12/2014;1:27:00;-22.26;5;4;60;-2.11;0;26.21;0
27/12/2014;1:27:30;-22.12;5;6;61;-1.89;0;26.21;0
27/12/2014;1:28:00;-22.15;4.98;4;60;-2.13;0;26.21;0
27/12/2014;1:28:30;-21.89;5.04;4;60;-2.08;0;26.21;0
27/12/2014;1:29:00;-21.98;5;4;60;-2.11;0;26.21;0
27/12/2014;1:29:30;-22.12;5;4;60;-2.11;0;26.21;0
27/12/2014;1:30:00;-21.96;4.96;4;60;-2.15;0;26.43;0
27/12/2014;1:30:30;-21.93;5.04;4;60;-2.08;0;26.21;0
27/12/2014;1:31:00;-21.99;5.04;6;61;-1.85;0;26.21;0
27/12/2014;1:31:31;-21.92;5.02;4;60;-2.1;0;26.43;0
27/12/2014;1:32:00;-21.88;5;4;60;-2.11;0;26.64;0
27/12/2014;1:32:31;-22.08;5.02;4;60;-2.1;0;26.43;0
27/12/2014;1:33:00;-21.88;5.02;4;60;-2.1;0;26.21;0
27/12/2014;1:33:31;-21.72;5.02;4;60;-2.1;0;26.21;0
27/12/2014;1:34:01;-21.97;4.98;4;60;-2.13;0;26.21;0
27/12/2014;1:34:31;-21.89;5.04;4;60;-2.08;0;26.21;0
27/12/2014;1:35:01;-21.82;5;4;60;-2.11;0;26.21;0
27/12/2014;1:35:30;-21.54;5.02;4;60;-2.1;0;26.43;0
27/12/2014;1:36:00;-21.64;5.02;4;60;-2.1;0;26.21;0
27/12/2014;1:36:31;-21.44;5;4;60;-2.11;0;26.21;0
27/12/2014;1:37:01;-21.69;5.04;4;60;-2.08;0;26.64;0
27/12/2014;1:37:30;-21.46;5.06;6;61;-1.83;0;26.43;0
27/12/2014;1:38:01;-21.2;5.02;4;60;-2.1;0;26.21;0
27/12/2014;1:38:30;-21.45;5.04;4;60;-2.08;0;26.21;0
27/12/2014;1:39:01;-21.32;5.06;4;60;-2.06;0;25.99;0
27/12/2014;1:39:31;-21.26;5.06;6;62;-1.61;0;25.99;0
27/12/2014;1:40:01;-20.78;5.06;4;60;-2.06;0;25.99;0
27/12/2014;1:40:30;-20.8;5.12;4;60;-2;0;25.99;0
27/12/2014;1:41:01;-20.46;5.14;4;60;-1.98;0;25.99;0
27/12/2014;1:41:30;-20.27;5.16;6;62;-1.52;0;25.99;0
27/12/2014;1:42:01;-20.22;5.12;6;62;-1.56;0;25.99;0
27/12/2014;1:42:31;-19.88;5.14;4;60;-1.98;0;25.99;1
27/12/2014;1:43:01;-19.66;5.18;6;62;-1.5;0;27.3;1
27/12/2014;1:43:30;-19.41;5.16;4;60;-1.96;0;27.52;1
27/12/2014;1:44:01;-19.49;5.22;4;60;-1.91;0;27.52;1
27/12/2014;1:44:31;-19.15;5.22;4;60;-1.91;0;27.3;1
27/12/2014;1:45:01;-19.06;5.26;4;60;-1.87;0;27.52;1
27/12/2014;1:45:31;-19;5.3;4;60;-1.83;0;27.52;1
27/12/2014;1:46:01;-18.67;5.34;4;60;-1.79;0;27.3;1
27/12/2014;1:46:31;-18.91;5.34;4;60;-1.79;0;27.3;1
27/12/2014;1:47:01;-19.08;5.3;4;60;-1.83;0;27.3;1
27/12/2014;1:47:31;-18.28;5.3;4;60;-1.83;0;27.3;1
27/12/2014;1:48:01;-18.22;5.36;4;60;-1.78;0;27.3;1
27/12/2014;1:48:31;-18.41;5.4;4;60;-1.74;0;27.52;1
27/12/2014;1:49:01;-18.04;5.44;4;60;-1.7;0;27.3;1
27/12/2014;1:49:31;-17.91;5.46;4;60;-1.68;0;27.3;1
27/12/2014;1:50:01;-18.15;5.46;4;60;-1.68;0;27.52;1
27/12/2014;1:50:31;-18.46;5.44;4;60;-1.7;0;27.3;1
27/12/2014;1:51:01;-18.46;5.42;4;60;-1.72;0;27.3;1
27/12/2014;1:51:31;-18.04;5.44;4;60;-1.7;0;27.3;1
27/12/2014;1:52:01;-17.86;5.44;4;60;-1.7;0;27.52;1
27/12/2014;1:52:31;-18.06;5.48;4;60;-1.66;0;27.3;1
27/12/2014;1:53:01;-18.19;5.46;4;61;-1.46;0;27.3;1
27/12/2014;1:53:31;-18.39;5.46;4;61;-1.46;0;27.3;1
27/12/2014;1:54:01;-18.18;5.44;4;61;-1.48;0;27.3;1
27/12/2014;1:54:31;-18.01;5.46;4;61;-1.46;0;27.3;1
27/12/2014;1:55:01;-18.38;5.42;4;61;-1.49;0;27.3;1
27/12/2014;1:55:31;-18.38;5.42;4;61;-1.49;0;27.3;1
27/12/2014;1:56:01;-18.06;5.48;6;63;-1;0;27.52;1
27/12/2014;1:56:31;-18.13;5.52;4;61;-1.4;0;27.3;1
27/12/2014;1:57:01;-18.28;5.44;4;61;-1.48;0;27.3;1
27/12/2014;1:57:31;-18.43;5.46;4;61;-1.46;0;27.3;1
27/12/2014;1:58:01;-18.62;5.44;4;61;-1.48;0;27.3;1
27/12/2014;1:58:31;-18.25;5.46;4;61;-1.46;0;27.3;1
27/12/2014;1:59:01;-18.33;5.46;4;61;-1.46;0;27.3;1
27/12/2014;1:59:31;-18.02;5.5;4;61;-1.42;0;27.52;1
27/12/2014;2:00:01;-17.84;5.48;4;61;-1.44;0;27.3;1
27/12/2014;2:00:31;-17.98;5.48;4;61;-1.44;0;27.3;1
27/12/2014;2:01:01;-17.47;5.52;4;61;-1.4;0;27.3;1
27/12/2014;2:01:31;-17.62;5.56;4;61;-1.36;0;27.3;1
27/12/2014;2:02:01;-17.56;5.5;4;60;-1.64;0;27.3;1
27/12/2014;2:02:31;-17.72;5.56;4;61;-1.36;0;27.3;1
27/12/2014;2:03:01;-17.55;5.58;4;61;-1.34;0;27.3;1
27/12/2014;2:03:31;-17.63;5.58;6;62;-1.12;0;27.3;1
27/12/2014;2:04:01;-17.49;5.58;4;60;-1.57;0;27.3;1
27/12/2014;2:04:31;-17.59;5.58;4;60;-1.57;0;27.3;1
27/12/2014;2:05:01;-17.73;5.58;4;61;-1.34;0;27.3;1
27/12/2014;2:05:31;-17.88;5.62;4;60;-1.53;0;27.3;1
27/12/2014;2:06:01;-18.02;5.6;6;62;-1.1;0;27.3;1
27/12/2014;2:06:31;-17.56;5.6;4;60;-1.55;0;27.3;1
27/12/2014;2:07:01;-17.42;5.62;4;61;-1.31;0;27.3;1
27/12/2014;2:07:31;-17.52;5.66;6;63;-0.83;0;27.75;1
27/12/2014;2:08:01;-17.65;5.64;4;61;-1.29;0;27.3;1
27/12/2014;2:08:31;-17.51;5.64;4;61;-1.29;0;27.3;1
27/12/2014;2:09:01;-17.69;5.64;4;61;-1.29;0;27.52;1
27/12/2014;2:09:31;-17.38;5.66;4;61;-1.27;0;27.52;1
27/12/2014;2:10:01;-17.24;5.66;4;61;-1.27;0;27.3;1
27/12/2014;2:10:31;-17.61;5.64;4;61;-1.29;0;27.3;1
27/12/2014;2:11:01;-17.3;5.66;6;63;-0.83;0;27.3;1
27/12/2014;2:11:31;-17.62;5.66;4;61;-1.27;0;27.3;1
27/12/2014;2:12:01;-17.24;5.66;4;61;-1.27;0;27.3;1
27/12/2014;2:12:31;-17.2;5.68;4;61;-1.25;0;27.3;1
27/12/2014;2:13:01;-17.21;5.7;4;61;-1.23;0;27.3;1
27/12/2014;2:13:31;-17.17;5.7;4;61;-1.23;0;27.3;1
27/12/2014;2:14:01;-17.26;5.72;4;61;-1.21;0;27.3;1
27/12/2014;2:14:31;-17.4;5.72;4;61;-1.21;0;27.3;1
27/12/2014;2:15:01;-17.13;5.74;4;62;-0.97;0;27.3;1
27/12/2014;2:15:31;-17.13;5.74;4;62;-0.97;0;27.3;1
27/12/2014;2:16:01;-16.95;5.74;4;62;-0.97;0;27.3;1
27/12/2014;2:16:31;-16.96;5.78;4;62;-0.93;0;27.3;1
27/12/2014;2:17:01;-17.24;5.78;6;63;-0.71;0;27.3;1
27/12/2014;2:17:31;-16.93;5.8;4;62;-0.91;0;27.3;1
27/12/2014;2:18:01;-17.05;5.74;4;62;-0.97;0;27.3;1
27/12/2014;2:18:31;-17.07;5.8;4;62;-0.91;0;27.3;1
27/12/2014;2:19:01;-16.9;5.84;4;62;-0.88;0;27.3;1
27/12/2014;2:19:31;-16.94;5.84;4;62;-0.88;0;27.08;1
27/12/2014;2:20:01;-17.03;5.86;4;62;-0.86;0;27.08;1
27/12/2014;2:20:31;-16.85;5.86;4;62;-0.86;0;27.3;1
27/12/2014;2:21:01;-17.09;5.88;4;62;-0.84;0;27.3;1
27/12/2014;2:21:31;-17.03;5.88;4;62;-0.84;0;27.3;1
27/12/2014;2:22:01;-17.17;5.88;5;61;-1.06;0;27.3;1
27/12/2014;2:22:31;-17.13;5.86;5;61;-1.08;0;27.52;1
27/12/2014;2:23:01;-17.13;5.86;5;61;-1.08;0;27.08;1
27/12/2014;2:23:31;-17.31;5.88;5;61;-1.06;0;27.3;1
27/12/2014;2:24:01;-17.31;5.86;4;62;-0.86;0;27.08;1
27/12/2014;2:24:31;-17.55;5.86;5;61;-1.08;0;27.3;1
27/12/2014;2:25:01;-17.5;5.84;5;61;-1.1;0;27.3;1
27/12/2014;2:25:31;-17.75;5.82;4;62;-0.89;0;27.08;1
27/12/2014;2:26:01;-18.35;5.74;4;62;-0.97;0;27.08;1
27/12/2014;2:26:31;-18.32;5.66;4;62;-1.05;0;27.08;1
27/12/2014;2:27:01;-18.26;5.66;5;61;-1.27;0;27.08;1
27/12/2014;2:27:31;-18.23;5.58;4;62;-1.12;0;27.3;1
27/12/2014;2:28:01;-18.32;5.56;4;62;-1.14;0;27.08;1
27/12/2014;2:28:31;-18.07;5.52;4;62;-1.18;0;27.3;1
27/12/2014;2:29:01;-18.11;5.46;4;62;-1.24;0;27.3;1
27/12/2014;2:29:31;-18.12;5.48;4;62;-1.22;0;27.3;1
27/12/2014;2:30:01;-18.12;5.48;4;62;-1.22;0;27.3;1
27/12/2014;2:30:31;-18.11;5.46;4;62;-1.24;0;27.3;1
27/12/2014;2:31:01;-17.78;5.5;4;62;-1.2;0;27.08;1
27/12/2014;2:31:31;-17.94;5.56;4;61;-1.36;0;27.08;1
27/12/2014;2:32:01;-18.03;5.52;4;62;-1.18;0;27.08;1
27/12/2014;2:32:31;-18.18;5.56;4;62;-1.14;0;27.08;1
27/12/2014;2:33:01;-18.18;5.56;4;62;-1.14;0;27.08;1
27/12/2014;2:33:31;-17.91;5.58;4;61;-1.34;0;27.3;1
27/12/2014;2:34:01;-17.88;5.6;4;61;-1.32;0;27.08;1
27/12/2014;2:34:31;-17.88;5.62;4;61;-1.31;0;27.75;1
27/12/2014;2:35:01;-17.92;5.62;4;62;-1.08;0;27.08;1
27/12/2014;2:35:31;-17.93;5.64;4;61;-1.29;0;27.08;1
27/12/2014;2:36:01;-18.34;5.6;4;61;-1.32;0;27.08;1
27/12/2014;2:36:31;-18.05;5.58;4;61;-1.34;0;27.3;1
27/12/2014;2:37:01;-18.02;5.62;4;61;-1.31;0;27.08;1
27/12/2014;2:37:31;-18.16;5.62;4;61;-1.31;0;27.08;1
27/12/2014;2:38:01;-18.3;5.6;4;61;-1.32;0;27.08;1
27/12/2014;2:38:31;-17.8;5.56;4;61;-1.36;0;27.08;1
27/12/2014;2:39:01;-18.2;5.6;6;63;-0.88;0;27.08;1
27/12/2014;2:39:31;-18.06;5.62;4;61;-1.31;0;27.08;1
27/12/2014;2:40:01;-17.82;5.6;4;61;-1.32;0;27.08;1
27/12/2014;2:40:31;-17.7;5.66;4;61;-1.27;0;27.08;1
27/12/2014;2:41:01;-17.75;5.64;4;61;-1.29;0;27.08;1
27/12/2014;2:41:31;-17.8;5.68;4;61;-1.25;0;27.08;1
27/12/2014;2:42:01;-17.53;5.7;4;62;-1.01;0;27.08;1
27/12/2014;2:42:31;-17.9;5.66;4;61;-1.27;0;27.08;1
27/12/2014;2:43:01;-17.44;5.66;4;62;-1.05;0;27.08;1
27/12/2014;2:43:31;-17.34;5.68;4;62;-1.03;0;27.08;1
27/12/2014;2:44:01;-17.63;5.7;4;61;-1.23;0;27.08;1
27/12/2014;2:44:31;-17.58;5.68;4;61;-1.25;0;27.3;1
27/12/2014;2:45:01;-17.37;5.64;4;61;-1.29;0;27.08;1
27/12/2014;2:45:31;-17.34;5.68;4;61;-1.25;0;27.08;1
27/12/2014;2:46:01;-17.44;5.66;4;61;-1.27;0;27.08;1
27/12/2014;2:46:31;-17.44;5.68;4;61;-1.25;0;27.08;1
27/12/2014;2:47:01;-17.24;5.68;4;61;-1.25;0;27.08;1
27/12/2014;2:47:31;-17.17;5.7;4;61;-1.23;0;27.08;1
27/12/2014;2:48:01;-17.25;5.7;4;61;-1.23;0;27.08;1
27/12/2014;2:48:31;-17.38;5.68;6;63;-0.81;0;27.3;1
27/12/2014;2:49:01;-17.44;5.68;4;61;-1.25;0;27.08;1
27/12/2014;2:49:31;-17.66;5.66;4;61;-1.27;0;27.08;1
27/12/2014;2:50:01;-17.47;5.64;4;61;-1.29;0;27.08;1
27/12/2014;2:50:31;-17.66;5.68;4;61;-1.29;0;27.08;1
27/12/2014;2:51:01;-17.48;5.66;4;61;-1.27;0;27.08;1
27/12/2014;2:51:31;-17.83;5.64;4;61;-1.29;0;27.08;1
27/12/2014;2:52:01;-17.8;5.66;4;61;-1.27;0;27.08;1
27/12/2014;2:52:31;-17.9;5.66;4;61;-1.27;0;27.08;1
27/12/2014;2:53:01;-17.93;5.64;4;61;-1.27;0;27.08;1
27/12/2014;2:53:31;-18.1;5.62;4;61;-1.31;0;27.08;1
27/12/2014;2:54:01;-18.38;5.6;4;61;-1.32;0;27.08;1
27/12/2014;2:54:31;-18.42;5.56;4;61;-1.36;0;27.08;1
27/12/2014;2:55:01;-18.82;5.48;4;61;-1.44;0;27.08;1
27/12/2014;2:55:31;-18.67;5.46;4;61;-1.46;0;27.08;1
27/12/2014;2:56:01;-18.42;5.44;4;61;-1.48;0;27.08;1
27/12/2014;2:56:31;-18.67;5.46;4;61;-1.46;0;26.86;1
27/12/2014;2:57:01;-18.46;5.44;4;61;-1.48;0;26.86;1
27/12/2014;2:57:31;-18.3;5.5;4;61;-1.42;0;26.86;1
27/12/2014;2:58:01;-18.44;5.48;4;61;-1.44;0;27.08;1
27/12/2014;2:58:31;-18.48;5.48;4;61;-1.44;0;27.08;1
27/12/2014;2:59:01;-18.34;5.48;4;61;-1.44;0;26.86;1
27/12/2014;2:59:31;-18.78;5.48;4;61;-1.44;0;26.86;1
27/12/2014;3:00:01;-18.4;5.48;4;61;-1.44;0;26.86;1
27/12/2014;3:00:31;-18.4;5.48;4;61;-1.44;0;27.08;1
27/12/2014;3:01:01;-18.34;5.48;4;61;-1.44;0;27.08;1
27/12/2014;3:01:31;-18.54;5.48;4;61;-1.44;0;27.08;1
27/12/2014;3:02:01;-18.42;5.44;4;61;-1.48;0;27.08;1
27/12/2014;3:02:31;-18.15;5.46;4;61;-1.46;0;27.08;1
27/12/2014;3:03:01;-18.14;5.44;4;61;-1.48;0;27.08;1
27/12/2014;3:03:31;-17.84;5.48;4;61;-1.44;0;27.08;1
27/12/2014;3:04:01;-18.05;5.46;4;61;-1.46;0;27.08;1
27/12/2014;3:04:31;-17.46;5.48;4;61;-1.44;0;27.08;1
27/12/2014;3:05:01;-17.52;5.48;4;61;-1.44;0;27.08;1
27/12/2014;3:05:31;-17.1;5.48;4;61;-1.44;0;27.08;1
27/12/2014;3:06:01;-17.04;5.5;4;61;-1.42;0;27.08;1
27/12/2014;3:06:31;-16.79;5.52;4;61;-1.4;0;26.86;1
27/12/2014;3:07:02;-16.56;5.56;4;61;-1.36;0;27.08;1
27/12/2014;3:07:32;-16.71;5.58;4;61;-1.34;0;27.08;1
27/12/2014;3:08:02;-16.74;5.56;4;61;-1.36;0;27.08;1
27/12/2014;3:08:32;-16.26;5.6;4;61;-1.32;0;27.08;1
27/12/2014;3:09:02;-16.16;5.6;4;61;-1.32;0;26.86;1
27/12/2014;3:09:32;-16.04;5.6;4;61;-1.32;0;26.86;1
27/12/2014;3:10:02;-16.08;5.62;4;61;-1.31;0;26.86;1
27/12/2014;3:10:32;-15.86;5.6;4;61;-1.32;0;27.08;1
27/12/2014;3:11:02;-15.99;5.64;4;61;-1.29;0;27.08;1
27/12/2014;3:11:32;-15.66;5.62;4;61;-1.31;0;26.86;1
27/12/2014;3:12:02;-15.73;5.64;4;61;-1.29;0;27.08;1
27/12/2014;3:12:32;-15.6;5.66;4;61;-1.27;0;27.08;1
27/12/2014;3:13:02;-15.45;5.64;4;61;-1.29;0;27.08;1
27/12/2014;3:13:32;-15.32;5.68;4;61;-1.25;0;27.08;1
27/12/2014;3:14:02;-15.28;5.68;4;61;-1.25;0;27.08;1
27/12/2014;3:14:32;-15.25;5.7;4;61;-1.23;0;27.08;1
27/12/2014;3:15:02;-15.39;5.7;4;61;-1.23;0;27.08;1
27/12/2014;3:15:32;-14.99;5.74;4;61;-1.19;0;27.08;1
27/12/2014;3:16:02;-15.16;5.72;4;61;-1.21;0;27.08;1
27/12/2014;3:16:32;-15;5.78;4;61;-1.15;0;27.08;1
27/12/2014;3:17:02;-14.97;5.8;6;63;-0.7;0;27.08;1
27/12/2014;3:17:32;-14.93;5.8;4;61;-1.14;0;27.08;1
27/12/2014;3:18:02;-15.02;5.84;4;61;-1.1;0;27.08;1
27/12/2014;3:18:32;-15.07;5.82;4;61;-1.12;0;27.08;1
27/12/2014;3:19:02;-14.89;5.82;4;61;-1.12;0;26.86;1
27/12/2014;3:19:32;-14.85;5.88;4;61;-1.06;0;26.86;1
27/12/2014;3:20:02;-15.17;5.88;4;62;-0.84;0;27.08;1
27/12/2014;3:20:32;-15.09;5.88;4;61;-1.06;0;27.3;1
27/12/2014;3:21:02;-15.25;5.88;4;62;-0.84;0;27.08;1
27/12/2014;3:21:32;-15.17;5.88;4;62;-0.84;0;27.08;1
27/12/2014;3:22:02;-15.25;5.86;4;62;-0.86;0;26.86;1
27/12/2014;3:22:32;-15.64;5.9;4;62;-0.82;0;26.86;1
27/12/2014;3:23:02;-15.7;5.84;4;62;-0.88;0;26.86;1
27/12/2014;3:23:32;-16.03;5.86;4;62;-0.86;0;26.86;1
27/12/2014;3:24:02;-16.13;5.86;4;62;-0.86;0;26.86;1
27/12/2014;3:24:32;-16.7;5.84;4;62;-0.88;0;27.08;1
27/12/2014;3:25:02;-16.87;5.74;4;62;-0.97;0;26.86;1
27/12/2014;3:25:32;-17.31;5.7;4;62;-1.01;0;26.86;1
27/12/2014;3:26:02;-17.38;5.68;4;62;-1.03;0;26.86;1
27/12/2014;3:26:32;-17.56;5.62;4;62;-1.08;0;27.08;1
27/12/2014;3:27:02;-17.45;5.58;4;61;-1.34;0;27.08;1
27/12/2014;3:27:32;-17.45;5.58;4;61;-1.34;0;27.08;1
27/12/2014;3:28:02;-17.74;5.6;4;61;-1.32;0;26.86;1
27/12/2014;3:28:32;-17.57;5.52;4;61;-1.4;0;26.86;1
27/12/2014;3:29:02;-17.63;5.58;4;61;-1.34;0;26.86;1
27/12/2014;3:29:32;-17.77;5.58;6;63;-0.9;0;26.86;1
27/12/2014;3:30:02;-17.87;5.58;4;61;-1.34;0;26.86;1
27/12/2014;3:30:32;-18.05;5.58;4;61;-1.34;0;26.86;1
27/12/2014;3:31:02;-17.92;5.6;4;61;-1.32;0;26.86;1
27/12/2014;3:31:32;-18.29;5.58;4;61;-1.34;0;26.86;1
27/12/2014;3:32:02;-18.04;5.56;4;61;-1.36;0;26.86;1
27/12/2014;3:32:32;-18.14;5.56;4;61;-1.36;0;26.86;1
27/12/2014;3:33:02;-18.35;5.52;4;61;-1.4;0;26.86;1
27/12/2014;3:33:32;-17.99;5.52;4;61;-1.4;0;27.08;1
27/12/2014;3:34:02;-18.41;5.52;4;61;-1.4;0;26.86;1
27/12/2014;3:34:32;-18.15;5.46;4;61;-1.46;0;27.08;1
27/12/2014;3:35:02;-18.27;5.52;4;61;-1.4;0;27.08;1
27/12/2014;3:35:32;-18.11;5.46;4;61;-1.46;0;26.86;1
27/12/2014;3:36:02;-18.4;5.5;4;61;-1.42;0;26.86;1
27/12/2014;3:36:32;-18.15;5.46;4;61;-1.46;0;26.86;1
27/12/2014;3:37:02;-18.12;5.48;4;61;-1.44;0;26.86;1
27/12/2014;3:37:32;-18.12;5.5;4;61;-1.42;0;26.86;1
27/12/2014;3:38:02;-18.47;5.46;4;61;-1.46;0;27.3;1
27/12/2014;3:38:32;-18.51;5.4;5;63;-1.07;0;26.86;1
27/12/2014;3:39:02;-18.7;5.44;4;61;-1.48;0;26.86;1
27/12/2014;3:39:32;-18.46;5.44;4;61;-1.48;0;26.86;1
27/12/2014;3:40:02;-18.47;5.46;4;61;-1.46;0;27.08;1
27/12/2014;3:40:32;-18.42;5.44;4;61;-1.48;0;26.86;1
27/12/2014;3:41:02;-18.46;5.42;4;61;-1.49;0;26.86;1
27/12/2014;3:41:32;-18.3;5.48;4;61;-1.44;0;26.86;1
27/12/2014;3:42:02;-18.15;5.46;6;63;-1.02;0;26.86;1
27/12/2014;3:42:32;-18.67;5.46;4;61;-1.46;0;26.86;1
27/12/2014;3:43:02;-18.29;5.46;4;61;-1.46;0;26.86;1
27/12/2014;3:43:32;-18.2;5.5;4;61;-1.42;0;26.86;1
27/12/2014;3:44:02;-18.34;5.48;4;61;-1.44;0;26.86;1
27/12/2014;3:44:32;-18.2;5.5;4;61;-1.42;0;26.86;1
27/12/2014;3:45:02;-18.12;5.5;4;61;-1.42;0;26.86;1
27/12/2014;3:45:32;-18.3;5.5;4;61;-1.42;0;26.86;1
27/12/2014;3:46:02;-18.3;5.5;4;61;-1.42;0;26.86;1
27/12/2014;3:46:32;-18.2;5.48;4;61;-1.44;0;26.86;1
27/12/2014;3:47:02;-18.2;5.5;4;61;-1.42;0;26.86;1
27/12/2014;3:47:32;-18.34;5.5;4;61;-1.42;0;26.86;1
27/12/2014;3:48:02;-18.34;5.48;4;61;-1.44;0;27.08;1
27/12/2014;3:48:32;-18.58;5.48;4;61;-1.48;0;26.86;1
27/12/2014;3:49:02;-18.06;5.48;4;61;-1.44;0;26.86;1
27/12/2014;3:49:32;-18.25;5.46;4;61;-1.46;0;26.86;1
27/12/2014;3:50:02;-17.98;5.48;4;61;-1.44;0;26.86;1
27/12/2014;3:50:32;-18.32;5.44;4;61;-1.48;0;26.86;1
27/12/2014;3:51:02;-18.15;5.46;4;61;-1.46;0;26.86;1
27/12/2014;3:51:32;-18.01;5.46;5;63;-1.02;0;26.86;1
27/12/2014;3:52:02;-18.06;5.48;4;61;-1.44;0;26.86;1
27/12/2014;3:52:32;-18.02;5.48;4;61;-1.44;0;26.86;1
27/12/2014;3:53:02;-18.12;5.48;4;61;-1.44;0;26.86;1
27/12/2014;3:53:32;-18.46;5.42;4;61;-1.49;0;26.86;1
27/12/2014;3:54:02;-18.14;5.44;4;61;-1.48;0;27.08;1
27/12/2014;3:54:32;-18.1;5.42;4;61;-1.49;0;26.86;1
27/12/2014;3:55:02;-18.14;5.42;5;63;-1.06;0;26.86;1
27/12/2014;3:55:32;-18.42;5.42;4;61;-1.49;0;26.86;1
27/12/2014;3:56:02;-18.28;5.42;4;61;-1.49;0;26.86;1
27/12/2014;3:56:32;-18.45;5.4;4;61;-1.51;0;26.86;1
27/12/2014;3:57:02;-18.26;5.38;4;61;-1.53;0;26.86;1
27/12/2014;3:57:32;-18.37;5.4;4;61;-1.51;0;26.86;1
27/12/2014;3:58:02;-18.55;5.4;5;63;-1.07;0;26.86;1
27/12/2014;3:58:32;-18.68;5.38;4;60;-1.76;0;26.86;1
27/12/2014;3:59:02;-18.95;5.34;4;61;-1.57;0;26.86;1
27/12/2014;3:59:32;-18.82;5.36;5;62;-1.33;0;26.86;1
27/12/2014;4:00:02;-19.01;5.34;4;60;-1.79;0;26.86;1
27/12/2014;4:00:32;-19.09;5.34;4;61;-1.57;0;26.86;1
27/12/2014;4:01:02;-19.1;5.36;4;60;-1.78;0;26.86;1
27/12/2014;4:01:32;-19.3;5.26;4;61;-1.65;0;26.86;1
27/12/2014;4:02:02;-19.74;5.26;4;60;-1.87;0;26.86;1
27/12/2014;4:02:32;-19.88;5.26;4;60;-1.87;0;26.86;1
27/12/2014;4:03:02;-19.68;5.24;4;61;-1.66;0;26.86;1
27/12/2014;4:03:32;-19.91;5.22;4;60;-1.91;0;26.86;1
27/12/2014;4:04:02;-20.01;5.22;4;60;-1.91;0;26.86;1
27/12/2014;4:04:32;-19.95;5.16;4;61;-1.74;0;26.86;1
27/12/2014;4:05:02;-19.97;5.22;4;60;-1.91;0;26.86;1
27/12/2014;4:05:32;-20.12;5.14;5;62;-1.54;0;26.86;1
27/12/2014;4:06:02;-20.32;5.14;4;60;-1.98;0;26.86;1
27/12/2014;4:06:32;-20.02;5.12;4;60;-2;0;27.08;1
27/12/2014;4:07:02;-20.02;5.12;4;60;-2;0;26.86;1
27/12/2014;4:07:32;-20.02;5.14;5;62;-1.54;0;26.86;1
27/12/2014;4:08:02;-20.26;5.14;4;60;-1.98;0;26.86;1
27/12/2014;4:08:32;-20.02;5.12;4;60;-2;0;26.86;1
27/12/2014;4:09:02;-19.98;5.14;4;60;-1.98;0;26.86;1
27/12/2014;4:09:32;-20.11;5.1;4;60;-2.02;0;26.86;1
27/12/2014;4:10:02;-19.94;5.14;4;60;-1.98;0;26.86;1
27/12/2014;4:10:32;-19.95;5.16;5;62;-1.52;0;26.86;1
27/12/2014;4:11:02;-19.89;5.16;4;60;-1.98;0;26.86;1
27/12/2014;4:11:32;-19.88;5.12;4;60;-2;0;26.86;1
27/12/2014;4:12:02;-19.78;5.12;4;60;-2;0;26.86;1
27/12/2014;4:12:32;-19.88;5.12;4;60;-2;0;26.86;1
27/12/2014;4:13:02;-19.78;5.12;4;60;-2;0;27.08;1
27/12/2014;4:13:32;-20.22;5.14;4;60;-1.98;0;27.08;1
27/12/2014;4:14:02;-19.99;5.16;5;63;-1.3;0;27.08;1
27/12/2014;4:14:32;-19.78;5.14;4;60;-1.98;0;26.86;1
27/12/2014;4:15:02;-20.02;5.14;4;60;-1.98;0;26.86;1
27/12/2014;4:15:32;-19.94;5.12;4;61;-1.78;0;26.86;1
27/12/2014;4:16:02;-19.82;5.06;4;61;-1.83;0;26.86;1
27/12/2014;4:16:32;-19.76;5.06;5;62;-1.61;0;26.86;1
27/12/2014;4:17:02;-19.6;5.12;5;63;-1.34;0;26.86;1
27/12/2014;4:17:32;-19.69;5.1;4;60;-2.02;0;26.86;1
27/12/2014;4:18:02;-19.75;5.04;4;61;-1.85;0;26.86;1
27/12/2014;4:18:32;-19.46;5;4;60;-2.1;0;26.86;1
27/12/2014;4:19:02;-19.46;5;4;61;-1.89;0;26.86;1
27/12/2014;4:19:32;-19.28;5.02;4;61;-1.87;0;26.86;1
27/12/2014;4:20:02;-19.04;5.02;4;60;-2.1;0;26.86;1
27/12/2014;4:20:32;-19.05;5.04;4;60;-2.08;0;26.86;1
27/12/2014;4:21:02;-18.82;5.06;5;62;-1.61;0;26.86;1
27/12/2014;4:21:32;-18.92;5.06;4;60;-2.06;0;26.86;1
27/12/2014;4:22:02;-18.88;5.12;4;60;-2;0;26.86;1
27/12/2014;4:22:32;-18.93;5.1;4;60;-2.02;0;27.08;1
27/12/2014;4:23:02;-18.67;5.16;4;60;-1.96;0;26.86;1
27/12/2014;4:23:32;-18.61;5.16;4;60;-1.96;0;26.86;1
27/12/2014;4:24:02;-18.61;5.16;4;60;-1.96;0;26.86;1
27/12/2014;4:24:32;-18.63;5.22;4;60;-1.91;0;26.86;1
27/12/2014;4:25:02;-18.72;5.18;4;60;-1.94;0;26.86;1
27/12/2014;4:25:32;-18.62;5.18;4;60;-1.94;0;26.86;1
27/12/2014;4:26:02;-18.69;5.22;4;60;-1.91;0;26.86;1
27/12/2014;4:26:32;-19;5.18;4;60;-1.94;0;26.86;1
27/12/2014;4:27:02;-18.81;5.16;4;60;-1.96;0;26.86;1
27/12/2014;4:27:32;-18.74;5.14;4;60;-1.98;0;26.86;1
27/12/2014;4:28:02;-18.66;5.14;4;60;-1.98;0;26.86;1
27/12/2014;4:28:32;-18.47;5.16;5;62;-1.52;0;26.86;1
27/12/2014;4:29:02;-18.7;5.14;5;62;-1.54;0;26.86;1
27/12/2014;4:29:32;-18.51;5.1;4;60;-2.02;0;26.86;1
27/12/2014;4:30:02;-18.66;5.12;5;62;-1.56;0;26.86;1
27/12/2014;4:30:32;-18.6;5.12;4;60;-2;0;26.86;1
27/12/2014;4:31:02;-18.78;5.06;4;60;-2.06;0;26.86;1
27/12/2014;4:31:32;-18.55;5.1;4;60;-2.02;0;26.86;1
27/12/2014;4:32:02;-18.84;5.12;4;60;-2;0;26.86;1
27/12/2014;4:32:32;-18.83;5.1;4;60;-2.02;0;26.86;1
27/12/2014;4:33:03;-19;5.06;4;60;-2.06;0;26.86;1
27/12/2014;4:33:32;-18.84;5.02;4;60;-2.1;0;26.86;1
27/12/2014;4:34:02;-18.94;5.12;5;62;-1.56;0;26.86;1
27/12/2014;4:34:32;-19.24;5.06;4;60;-2.06;0;27.08;1
27/12/2014;4:35:02;-19.29;5.04;4;60;-2.08;0;26.86;1
27/12/2014;4:35:32;-19.15;5.04;4;60;-2.08;0;27.08;1
27/12/2014;4:36:02;-19.14;5.02;5;61;-1.87;0;26.86;1
27/12/2014;4:36:33;-19.22;5.02;4;60;-2.1;0;26.86;1
27/12/2014;4:37:02;-19.23;5.04;4;60;-2.08;0;27.08;1
27/12/2014;4:37:33;-18.91;5.04;4;60;-2.08;0;27.08;1
27/12/2014;4:38:03;-18.99;5.04;4;60;-2.08;0;26.86;1
27/12/2014;4:38:32;-19.18;5.02;4;60;-2.1;0;26.86;1
27/12/2014;4:39:03;-18.92;5.06;4;60;-2.06;0;26.86;1
27/12/2014;4:39:33;-18.85;5.04;4;60;-2.08;0;26.86;1
27/12/2014;4:40:02;-18.79;5.1;4;60;-2.02;0;26.86;1
27/12/2014;4:40:33;-18.64;5.06;4;60;-2.06;0;26.86;1
27/12/2014;4:41:02;-18.56;5.12;5;62;-1.56;0;26.86;1
27/12/2014;4:41:33;-18.41;5.1;4;60;-2.02;0;26.86;1
27/12/2014;4:42:03;-18.31;5.1;4;60;-2.02;0;26.86;1
27/12/2014;4:42:32;-18.42;5.14;4;60;-1.98;0;26.86;1
27/12/2014;4:43:02;-18.22;5.12;4;60;-2;0;26.86;1
27/12/2014;4:43:32;-18.21;5.1;4;60;-2.02;0;26.86;1
27/12/2014;4:44:02;-17.72;5.14;4;60;-1.98;0;26.86;1
27/12/2014;4:44:33;-17.62;5.12;4;60;-2;0;26.86;1
27/12/2014;4:45:03;-17.46;5.06;4;60;-2.06;0;26.86;1
27/12/2014;4:45:33;-17.8;5.12;4;60;-2;0;26.86;1
27/12/2014;4:46:03;-17.33;5.1;4;60;-2.02;0;26.86;1
27/12/2014;4:46:33;-17.13;5.16;4;60;-1.96;0;27.08;1
27/12/2014;4:47:03;-17.13;5.16;4;60;-1.96;0;26.86;1
27/12/2014;4:47:33;-17.12;5.14;4;60;-1.98;0;27.08;1
27/12/2014;4:48:03;-16.99;5.16;4;60;-1.96;0;26.86;1
27/12/2014;4:48:33;-16.81;5.22;4;60;-1.91;0;26.86;1
27/12/2014;4:49:03;-16.86;5.18;4;60;-1.94;0;26.86;1
27/12/2014;4:49:33;-16.93;5.16;4;60;-1.96;0;26.86;1
27/12/2014;4:50:03;-16.55;5.22;4;60;-1.91;0;26.86;1
27/12/2014;4:50:33;-16.64;5.24;4;60;-1.89;0;27.08;1
27/12/2014;4:51:03;-16.28;5.24;4;60;-1.89;0;26.86;1
27/12/2014;4:51:33;-16.14;5.26;4;60;-1.87;0;26.86;1
27/12/2014;4:52:03;-15.97;5.28;5;62;-1.41;0;26.86;1
27/12/2014;4:52:33;-16.19;5.28;4;60;-1.85;0;26.86;1
27/12/2014;4:53:03;-15.94;5.3;4;60;-1.83;0;26.86;1
27/12/2014;4:53:33;-15.77;5.34;4;60;-1.79;0;26.86;1
27/12/2014;4:54:03;-15.86;5.36;4;60;-1.78;0;26.86;1
27/12/2014;4:54:33;-15.64;5.36;4;60;-1.78;0;26.86;1
27/12/2014;4:55:03;-15.46;5.36;4;61;-1.55;0;26.86;1
27/12/2014;4:55:33;-15.71;5.34;4;60;-1.79;0;26.86;1
27/12/2014;4:56:03;-15.18;5.36;4;61;-1.55;0;26.86;1
27/12/2014;4:56:33;-15.05;5.4;4;61;-1.51;0;26.86;1
27/12/2014;4:57:03;-15.16;5.42;4;61;-1.49;0;26.86;1
27/12/2014;4:57:33;-15.06;5.42;4;61;-1.49;0;26.86;1
27/12/2014;4:58:03;-14.98;5.42;4;61;-1.49;0;26.86;1
27/12/2014;4:58:33;-14.84;5.44;4;61;-1.48;0;26.86;1
27/12/2014;4:59:03;-14.68;5.5;4;61;-1.42;0;26.86;1
27/12/2014;4:59:33;-14.64;5.5;4;61;-1.42;0;26.86;1
27/12/2014;5:00:03;-14.43;5.52;4;61;-1.42;0;26.86;1
27/12/2014;5:00:33;-14.57;5.58;4;61;-1.34;0;26.86;1
27/12/2014;5:01:03;-14.43;5.52;4;61;-1.4;0;27.08;1
27/12/2014;5:01:33;-14.67;5.58;4;61;-1.34;0;26.86;1
27/12/2014;5:02:03;-14.56;5.56;4;61;-1.36;0;26.86;1
27/12/2014;5:02:33;-14.5;5.5;4;61;-1.42;0;26.86;1
27/12/2014;5:03:03;-14.53;5.58;4;62;-1.12;0;26.86;1
27/12/2014;5:03:33;-14.45;5.58;4;62;-1.12;0;26.86;1
27/12/2014;5:04:03;-14.46;5.6;4;62;-1.1;0;26.86;1
27/12/2014;5:04:33;-14.46;5.6;4;62;-1.1;0;26.86;1
27/12/2014;5:05:03;-14.56;5.68;4;62;-1.03;0;26.86;1
27/12/2014;5:05:33;-14.66;5.66;4;62;-1.05;0;26.86;1
27/12/2014;5:06:03;-14.66;5.66;4;62;-1.05;0;26.86;1
27/12/2014;5:06:33;-14.84;5.66;4;62;-1.05;0;27.08;1
27/12/2014;5:07:03;-15.22;5.62;4;62;-1.08;0;26.86;1
27/12/2014;5:07:33;-14.94;5.6;4;62;-1.1;0;26.86;1
27/12/2014;5:08:03;-14.99;5.58;4;62;-1.12;0;26.86;1
27/12/2014;5:08:33;-15.02;5.56;4;62;-1.14;0;26.86;1
27/12/2014;5:09:03;-14.98;5.56;4;62;-1.14;0;26.86;1
27/12/2014;5:09:33;-15.12;5.5;4;62;-1.2;0;26.86;1
27/12/2014;5:10:03;-15.22;5.5;4;62;-1.2;0;26.86;1
27/12/2014;5:10:33;-15.05;5.52;4;62;-1.18;0;26.86;1
27/12/2014;5:11:03;-15.19;5.52;4;62;-1.18;0;26.86;1
27/12/2014;5:11:33;-15.06;5.56;4;62;-1.14;0;26.86;1
27/12/2014;5:12:03;-15.45;5.52;4;62;-1.18;0;26.86;1
27/12/2014;5:12:33;-15.32;5.5;4;62;-1.2;0;26.86;1
27/12/2014;5:13:03;-15.13;5.52;4;62;-1.18;0;26.86;1
27/12/2014;5:13:33;-15.38;5.56;4;62;-1.14;0;26.86;1
27/12/2014;5:14:03;-15.3;5.6;4;62;-1.1;0;26.86;1
27/12/2014;5:14:33;-15.53;5.58;4;62;-1.12;0;26.86;1
27/12/2014;5:15:03;-15.78;5.56;4;62;-1.14;0;26.86;1
27/12/2014;5:15:33;-15.77;5.52;4;62;-1.18;0;26.86;1
27/12/2014;5:16:03;-15.2;5.56;4;62;-1.14;0;27.08;1
27/12/2014;5:16:33;-15.26;5.5;4;62;-1.2;0;26.86;1
27/12/2014;5:17:03;-15.24;5.56;4;62;-1.14;0;26.86;1
27/12/2014;5:17:33;-15.07;5.58;4;62;-1.12;0;26.86;1
27/12/2014;5:18:03;-15;5.62;4;62;-1.08;0;26.86;1
27/12/2014;5:18:33;-15.12;5.6;4;62;-1.1;0;26.86;1
27/12/2014;5:19:03;-14.9;5.62;4;62;-1.08;0;26.86;1
27/12/2014;5:19:33;-15;5.6;4;62;-1.1;0;26.86;1
27/12/2014;5:20:03;-14.58;5.62;4;62;-1.08;0;26.86;1
27/12/2014;5:20:33;-14.54;5.62;4;62;-1.08;0;26.86;1
27/12/2014;5:21:03;-14.72;5.62;4;62;-1.08;0;26.86;1
27/12/2014;5:21:33;-14.28;5.6;4;62;-1.1;0;26.86;1
27/12/2014;5:22:03;-14.37;5.64;4;62;-1.07;0;26.86;1
27/12/2014;5:22:33;-14.32;5.62;4;62;-1.08;0;26.86;1
27/12/2014;5:23:03;-13.96;5.62;4;62;-1.08;0;26.86;1
27/12/2014;5:23:33;-14.08;5.62;4;62;-1.08;0;26.86;1
27/12/2014;5:24:03;-13.98;5.68;4;62;-1.03;0;26.86;1
27/12/2014;5:24:33;-13.84;5.66;4;62;-1.05;0;26.86;1
27/12/2014;5:25:03;-13.93;5.7;4;62;-1.01;0;26.86;1
27/12/2014;5:25:33;-14.16;5.68;4;62;-1.03;0;26.86;1
27/12/2014;5:26:03;-14.12;5.72;4;62;-0.99;0;26.86;1
27/12/2014;5:26:33;-14.16;5.68;4;62;-1.03;0;26.86;1
27/12/2014;5:27:03;-14.3;5.68;4;62;-1.03;0;26.86;1
27/12/2014;5:27:33;-14.37;5.64;4;62;-1.07;0;26.86;1
27/12/2014;5:28:03;-14.2;5.68;4;62;-1.03;0;26.86;1
27/12/2014;5:28:33;-14.52;5.66;4;62;-1.05;0;26.86;1
27/12/2014;5:29:03;-14.48;5.66;4;62;-1.05;0;26.86;1
27/12/2014;5:29:33;-14.3;5.66;4;62;-1.05;0;26.86;1
27/12/2014;5:30:03;-14.23;5.64;4;62;-1.07;0;26.64;1
27/12/2014;5:30:33;-14.5;5.62;4;62;-1.08;0;26.64;1
27/12/2014;5:31:03;-14.05;5.64;4;62;-1.07;0;26.86;1
27/12/2014;5:31:33;-14.24;5.66;4;62;-1.05;0;26.86;1
27/12/2014;5:32:03;-14.05;5.64;4;62;-1.07;0;26.64;1
27/12/2014;5:32:33;-14.07;5.7;5;64;-0.57;0;26.64;1
27/12/2014;5:33:03;-14.3;5.68;4;62;-1.03;0;26.64;1
27/12/2014;5:33:33;-14.21;5.7;4;62;-1.01;0;26.86;1
27/12/2014;5:34:03;-14.2;5.68;4;62;-1.03;0;26.86;1
27/12/2014;5:34:33;-14.2;5.66;4;62;-1.05;0;26.64;1
27/12/2014;5:35:03;-14.58;5.62;4;62;-1.08;0;26.64;1
27/12/2014;5:35:33;-14.47;5.64;4;62;-1.07;0;26.64;1
27/12/2014;5:36:03;-14.69;5.64;4;62;-1.07;0;26.64;1
27/12/2014;5:36:33;-15.41;5.64;4;62;-1.07;0;26.64;1
27/12/2014;5:37:03;-15.04;5.6;4;62;-1.1;0;26.64;1
27/12/2014;5:37:33;-15.22;5.6;4;62;-1.1;0;26.86;1
27/12/2014;5:38:03;-15.48;5.62;4;62;-1.08;0;26.86;1
27/12/2014;5:38:33;-15.77;5.52;4;62;-1.18;0;26.86;1
27/12/2014;5:39:03;-15.93;5.58;4;62;-1.12;0;26.64;1
27/12/2014;5:39:33;-16.15;5.58;4;62;-1.12;0;26.86;1
27/12/2014;5:40:03;-16.7;5.56;4;62;-1.14;0;26.86;1
27/12/2014;5:40:33;-16.58;5.5;4;62;-1.2;0;26.86;1
27/12/2014;5:41:03;-17.02;5.56;4;62;-1.14;0;26.64;1
27/12/2014;5:41:33;-17.42;5.5;4;62;-1.2;0;26.86;1
27/12/2014;5:42:03;-17.7;5.48;4;62;-1.22;0;26.64;1
27/12/2014;5:42:33;-18.16;5.48;4;62;-1.22;0;26.64;1
27/12/2014;5:43:03;-18.64;5.38;4;62;-1.31;0;26.64;1
27/12/2014;5:43:33;-18.93;5.4;4;62;-1.29;0;26.64;1
27/12/2014;5:44:03;-19.26;5.36;4;62;-1.33;0;27.08;1
27/12/2014;5:44:33;-19.34;5.36;5;63;-1.09;0;26.64;1
27/12/2014;5:45:03;-19.89;5.28;4;62;-1.41;0;26.64;1
27/12/2014;5:45:33;-20.22;5.26;4;62;-1.42;0;26.86;1
27/12/2014;5:46:03;-20.29;5.22;4;62;-1.46;0;26.64;1
27/12/2014;5:46:33;-20.48;5.18;4;62;-1.5;0;26.64;1
27/12/2014;5:47:03;-20.62;5.18;4;62;-1.5;0;26.64;1
27/12/2014;5:47:33;-20.9;5.14;4;61;-1.76;0;26.86;1
27/12/2014;5:48:03;-21.03;5.1;4;61;-1.8;0;26.64;1
27/12/2014;5:48:33;-21.2;5.02;4;61;-1.87;0;26.64;1
27/12/2014;5:49:03;-21.64;5;5;63;-1.45;0;26.64;1
27/12/2014;5:49:33;-21.28;4.96;4;61;-1.93;0;26.64;1
27/12/2014;5:50:03;-21.28;4.96;4;61;-1.93;0;26.64;1
27/12/2014;5:50:33;-21.62;4.94;4;61;-1.95;0;26.64;1
27/12/2014;5:51:03;-21.64;4.9;4;61;-1.99;0;26.64;1
27/12/2014;5:51:33;-21.6;4.9;4;61;-1.99;0;26.86;1
27/12/2014;5:52:03;-21.82;4.84;4;61;-2.04;0;26.64;1
27/12/2014;5:52:33;-22.16;4.84;4;61;-2.04;0;26.64;1
27/12/2014;5:53:03;-22.1;4.82;4;61;-2.06;0;26.86;1
27/12/2014;5:53:33;-22.54;4.76;4;61;-2.12;0;26.64;1
27/12/2014;5:54:03;-22.36;4.72;4;61;-2.16;0;26.64;1
27/12/2014;5:54:33;-22.85;4.68;4;61;-2.19;0;26.64;1
27/12/2014;5:55:03;-22.84;4.66;4;60;-2.43;0;26.64;1
27/12/2014;5:55:33;-23.01;4.58;4;60;-2.51;0;26.64;1
27/12/2014;5:56:03;-22.83;4.52;4;60;-2.57;0;26.86;1
27/12/2014;5:56:33;-23.19;4.52;4;60;-2.57;0;26.64;1
27/12/2014;5:57:03;-23.17;4.46;5;62;-2.18;0;26.64;1
27/12/2014;5:57:33;-23.11;4.46;4;60;-2.62;0;26.86;1
27/12/2014;5:58:03;-23.5;4.42;5;62;-2.22;0;26.86;1
27/12/2014;5:58:33;-23.55;4.38;5;62;-2.26;0;26.86;1
27/12/2014;5:59:03;-23.67;4.34;5;61;-2.51;0;26.86;1
27/12/2014;5:59:33;-23.69;4.26;4;60;-2.81;0;26.64;1
27/12/2014;6:00:03;-23.59;4.26;4;60;-2.81;0;26.86;1
27/12/2014;6:00:33;-23.69;4.26;4;60;-2.81;0;26.64;1
27/12/2014;6:01:03;-23.84;4.24;4;60;-2.83;0;26.86;1
27/12/2014;6:01:34;-23.83;4.2;4;60;-2.87;0;26.86;1
27/12/2014;6:02:04;-23.83;4.2;4;60;-2.87;0;26.64;1
27/12/2014;6:02:33;-23.71;4.16;4;60;-2.91;0;26.64;1
27/12/2014;6:03:03;-23.93;4.22;5;61;-2.63;0;26.64;1
27/12/2014;6:03:33;-23.63;4.2;5;61;-2.65;0;26.86;1
27/12/2014;6:04:03;-23.81;4.14;5;61;-2.7;0;26.64;1
27/12/2014;6:04:34;-23.95;4.1;3;59;-3.19;0;26.64;1
27/12/2014;6:05:03;-23.96;4.12;5;61;-2.72;0;26.64;1
27/12/2014;6:05:33;-23.89;4.1;3;59;-3.19;0;26.64;1
27/12/2014;6:06:03;-23.7;4.12;5;60;-2.94;0;26.64;1
27/12/2014;6:06:34;-23.99;4.1;5;61;-2.74;0;26.64;1
27/12/2014;6:07:03;-24.05;4.08;5;60;-2.98;0;26.64;1
27/12/2014;6:07:33;-23.73;4.08;5;60;-2.98;0;26.64;1
27/12/2014;6:08:04;-23.73;4.08;5;60;-2.98;0;26.64;1
27/12/2014;6:08:34;-23.61;4.02;3;59;-3.26;0;26.64;1
27/12/2014;6:09:03;-23.65;3.98;4;61;-2.85;0;26.86;1
27/12/2014;6:09:34;-23.7;4;5;60;-3.06;0;26.64;1
27/12/2014;6:10:04;-23.71;4.02;3;59;-3.26;0;26.64;1
27/12/2014;6:10:34;-23.75;3.98;3;59;-3.3;0;26.86;1
27/12/2014;6:11:03;-23.65;3.96;3;59;-3.32;0;26.64;1
27/12/2014;6:11:34;-23.67;3.9;4;60;-3.15;0;26.64;1
27/12/2014;6:12:04;-24.13;3.9;3;59;-3.38;0;26.86;1
27/12/2014;6:12:34;-23.98;3.88;3;59;-3.38;0;26.64;1
27/12/2014;6:13:04;-24.28;3.88;3;59;-3.39;0;26.86;1
27/12/2014;6:13:34;-24.01;3.84;3;59;-3.43;0;26.86;1
27/12/2014;6:14:04;-23.97;3.86;3;59;-3.41;0;26.64;1
27/12/2014;6:14:34;-23.72;3.88;3;59;-3.39;0;26.64;1
27/12/2014;6:15:04;-23.76;3.88;4;60;-3.17;0;26.64;1
27/12/2014;6:15:34;-24.11;3.86;3;59;-3.41;0;26.64;0
27/12/2014;6:16:04;-23.87;3.86;3;59;-3.41;0;25.55;0
27/12/2014;6:16:34;-24.37;3.84;3;59;-3.43;0;25.77;0
27/12/2014;6:17:04;-24.1;3.82;3;59;-3.45;0;25.55;0
27/12/2014;6:17:34;-24.29;3.8;4;60;-3.25;0;25.77;0
27/12/2014;6:18:04;-23.94;3.76;4;60;-3.28;0;25.55;0
27/12/2014;6:18:34;-23.89;3.8;3;59;-3.47;0;25.55;0
27/12/2014;6:19:04;-23.9;3.82;3;59;-3.45;0;25.55;0
27/12/2014;6:19:34;-24.18;3.76;4;60;-3.28;0;25.55;0
27/12/2014;6:20:04;-23.97;3.74;3;59;-3.53;0;25.55;0
27/12/2014;6:20:34;-24.32;3.7;3;59;-3.56;0;25.55;0
27/12/2014;6:21:04;-24.41;3.66;4;60;-3.38;0;25.55;0
27/12/2014;6:21:34;-24.41;3.68;4;60;-3.36;0;25.55;0
27/12/2014;6:22:04;-24.54;3.58;4;60;-3.45;0;25.55;0
27/12/2014;6:22:34;-24.21;3.54;4;60;-3.49;0;25.55;0
27/12/2014;6:23:04;-24.17;3.56;3;58;-3.92;0;25.55;0
27/12/2014;6:23:34;-24.22;3.58;4;60;-3.45;0;25.55;0
27/12/2014;6:24:04;-24.27;3.56;3;58;-3.92;0;25.55;0
27/12/2014;6:24:34;-24.2;3.52;4;60;-3.51;0;25.55;0
27/12/2014;6:25:04;-24.15;3.5;3;58;-3.98;0;25.55;0
27/12/2014;6:25:34;-24.1;3.52;3;58;-3.96;0;25.55;0
27/12/2014;6:26:04;-24.2;3.52;4;60;-3.51;0;25.55;0
27/12/2014;6:26:34;-24.26;3.52;3;58;-3.96;0;25.55;0
27/12/2014;6:27:04;-24.19;3.5;4;60;-3.53;0;25.55;0
27/12/2014;6:27:34;-24.3;3.46;3;58;-4.04;0;25.55;0
27/12/2014;6:28:04;-24.39;3.44;4;60;-3.58;0;25.55;0
27/12/2014;6:28:34;-24.16;3.42;4;60;-3.6;0;25.55;0
27/12/2014;6:29:04;-24.33;3.44;3;58;-4.04;0;25.55;0
27/12/2014;6:29:34;-24.28;3.42;3;58;-4.06;0;25.55;0
27/12/2014;6:30:04;-24.22;3.4;3;58;-4.07;0;25.34;0
27/12/2014;6:30:34;-24.27;3.38;3;58;-4.09;0;25.34;0
27/12/2014;6:31:04;-24.22;3.4;3;58;-4.07;0;25.34;0
27/12/2014;6:31:34;-24.22;3.4;3;59;-3.85;0;25.34;0
27/12/2014;6:32:04;-24.28;3.42;4;60;-3.6;0;25.34;0
27/12/2014;6:32:34;-24.43;3.44;3;59;-3.81;0;25.34;0
27/12/2014;6:33:04;-24.48;3.4;3;59;-3.85;0;25.55;0
27/12/2014;6:33:34;-24.52;3.42;3;59;-3.83;0;25.55;0
27/12/2014;6:34:04;-24.47;3.38;4;60;-3.64;0;25.55;0
27/12/2014;6:34:34;-24.26;3.36;4;61;-3.44;0;25.55;0
27/12/2014;6:35:04;-24;3.36;4;61;-3.44;0;25.55;0
27/12/2014;6:35:34;-24.28;3.4;4;61;-3.4;0;25.55;0
27/12/2014;6:36:04;-24.06;3.42;3;59;-3.83;0;25.55;0
27/12/2014;6:36:34;-24.07;3.44;4;61;-3.36;0;25.55;0
27/12/2014;6:37:04;-24.04;3.46;4;61;-3.34;0;25.55;0
27/12/2014;6:37:34;-24.22;3.4;4;61;-3.4;0;25.55;0
27/12/2014;6:38:04;-24.21;3.38;4;61;-3.42;0;25.55;0
27/12/2014;6:38:34;-24.16;3.4;3;59;-3.85;0;25.55;0
27/12/2014;6:39:04;-24.2;3.36;4;61;-3.44;0;25.55;0
27/12/2014;6:39:34;-24.26;3.36;4;61;-3.44;0;25.55;0
27/12/2014;6:40:04;-24.26;3.34;3;59;-3.9;0;25.55;0
27/12/2014;6:40:34;-23.99;3.32;4;60;-3.7;0;25.55;0
27/12/2014;6:41:04;-24.26;3.34;4;60;-3.68;0;25.55;0
27/12/2014;6:41:34;-23.89;3.32;4;60;-3.7;0;25.55;0
27/12/2014;6:42:04;-24.04;3.34;3;59;-3.9;0;25.55;0
27/12/2014;6:42:34;-23.99;3.32;4;61;-3.48;0;25.55;0
27/12/2014;6:43:04;-23.83;3.32;4;60;-3.7;0;25.55;0
27/12/2014;6:43:34;-23.83;3.32;4;60;-3.7;0;25.55;0
27/12/2014;6:44:04;-23.74;3.34;3;59;-3.9;0;25.55;0
27/12/2014;6:44:34;-23.9;3.34;4;60;-3.68;0;25.34;0
27/12/2014;6:45:04;-23.94;3.34;4;60;-3.68;0;25.55;0
27/12/2014;6:45:34;-23.8;3.34;3;59;-3.9;0;25.55;0
27/12/2014;6:46:04;-23.99;3.32;3;59;-3.92;0;25.55;0
27/12/2014;6:46:34;-23.89;3.32;4;60;-3.7;0;25.55;0
27/12/2014;6:47:04;-24.02;3.3;4;60;-3.72;0;25.55;0
27/12/2014;6:47:34;-23.98;3.3;3;59;-3.94;0;25.77;0
27/12/2014;6:48:04;-23.88;3.3;3;59;-3.94;0;25.55;0
27/12/2014;6:48:34;-23.84;3.34;3;59;-3.9;0;25.55;0
27/12/2014;6:49:04;-23.82;3.3;4;60;-3.72;0;25.55;0
27/12/2014;6:49:34;-23.92;3.3;4;60;-3.72;0;25.77;0
27/12/2014;6:50:04;-23.98;3.28;4;60;-3.74;0;25.77;0
27/12/2014;6:50:34;-23.92;3.28;3;58;-4.19;0;25.77;0
27/12/2014;6:51:04;-23.68;3.28;4;60;-3.74;0;25.77;0
27/12/2014;6:51:34;-23.87;3.26;3;58;-4.21;0;25.99;0
27/12/2014;6:52:04;-23.77;3.26;4;60;-3.75;0;25.77;0
27/12/2014;6:52:34;-24.05;3.2;4;60;-3.81;0;25.99;0
27/12/2014;6:53:04;-24.21;3.2;3;58;-4.26;0;25.99;0
27/12/2014;6:53:34;-24.2;3.18;3;58;-4.28;0;25.99;0
27/12/2014;6:54:04;-24.14;3.16;3;58;-4.3;0;25.77;0
27/12/2014;6:54:34;-24.13;3.14;4;60;-3.87;0;25.55;0
27/12/2014;6:55:04;-24.03;3.14;4;60;-3.87;0;25.77;0
27/12/2014;6:55:34;-23.98;3.18;3;58;-4.28;0;25.77;0
27/12/2014;6:56:04;-23.87;3.14;4;60;-3.87;0;25.77;0
27/12/2014;6:56:34;-23.7;3.22;4;60;-3.79;0;25.77;0
27/12/2014;6:57:04;-23.71;3.26;4;60;-3.75;0;25.55;0
27/12/2014;6:57:34;-23.71;3.26;4;60;-3.74;0;25.55;0
27/12/2014;6:58:04;-23.72;3.3;4;60;-3.72;0;25.55;0
27/12/2014;6:58:34;-23.62;3.3;4;60;-3.72;0;25.55;0
27/12/2014;6:59:04;-23.82;3.3;3;59;-3.94;0;25.77;0
27/12/2014;6:59:34;-23.88;3.3;4;60;-3.72;0;25.77;0
27/12/2014;7:00:04;-23.71;3.26;3;58;-4.21;0;25.77;0
27/12/2014;7:00:34;-23.62;3.28;3;59;-3.96;0;25.77;0
27/12/2014;7:01:04;-23.67;3.26;3;59;-3.98;0;25.77;0
27/12/2014;7:01:34;-23.71;3.26;4;60;-3.75;0;25.99;0
27/12/2014;7:02:04;-23.52;3.28;4;60;-3.74;0;25.55;0
27/12/2014;7:02:34;-23.7;3.22;4;60;-3.79;0;25.77;0
27/12/2014;7:03:04;-23.78;3.28;4;60;-3.74;0;25.77;0
27/12/2014;7:03:34;-24.08;3.18;3;58;-4.28;0;25.55;0
27/12/2014;7:04:04;-24.04;3.16;4;60;-3.85;0;25.77;0
27/12/2014;7:04:34;-23.69;3.2;3;58;-4.26;0;25.55;0
27/12/2014;7:05:04;-23.68;3.16;3;58;-4.3;0;25.77;0
27/12/2014;7:05:34;-23.98;3.18;4;60;-3.83;0;25.77;0
27/12/2014;7:06:04;-23.78;3.16;4;60;-3.85;0;25.55;0
27/12/2014;7:06:34;-23.77;3.14;4;60;-3.87;0;25.77;0
27/12/2014;7:07:04;-23.73;3.14;2;59;-4.09;0;25.77;0
27/12/2014;7:07:34;-23.84;3.16;2;59;-4.07;0;25.77;0
27/12/2014;7:08:04;-23.82;3.12;4;60;-3.89;0;25.77;0
27/12/2014;7:08:34;-23.97;3.14;4;60;-3.87;0;25.99;0
27/12/2014;7:09:04;-24.02;3.12;4;60;-3.89;0;25.77;0
27/12/2014;7:09:34;-23.92;3.1;4;60;-3.91;0;25.77;0
27/12/2014;7:10:04;-23.86;3.1;4;60;-3.91;0;25.55;0
27/12/2014;7:10:34;-23.76;3.12;2;59;-4.11;0;25.55;0
27/12/2014;7:11:04;-24.02;3.1;4;60;-3.91;0;25.77;0
27/12/2014;7:11:34;-24.05;3.08;2;59;-4.13;0;25.77;0
27/12/2014;7:12:04;-23.86;3.12;4;60;-3.89;0;25.77;0
27/12/2014;7:12:34;-23.67;3.14;4;60;-3.87;0;25.55;0
27/12/2014;7:13:04;-23.77;3.14;4;60;-3.87;0;25.77;0
27/12/2014;7:13:34;-23.86;3.12;4;60;-3.89;0;25.77;0
27/12/2014;7:14:04;-23.62;3.1;2;59;-4.13;0;25.77;0
27/12/2014;7:14:34;-23.91;3.08;2;59;-4.15;0;25.77;0
27/12/2014;7:15:04;-23.82;3.12;4;60;-3.89;0;25.99;0
27/12/2014;7:15:34;-24.16;3.06;4;60;-3.94;0;26.21;0
27/12/2014;7:16:04;-23.94;3.04;4;60;-3.96;0;25.99;0
27/12/2014;7:16:34;-23.84;3.06;2;59;-4.17;0;25.55;0
27/12/2014;7:17:04;-23.98;3;4;60;-4;0;25.55;0
27/12/2014;7:17:34;-24.24;3;4;60;-4;0;25.55;0
27/12/2014;7:18:04;-24.18;2.98;4;59;-4.24;0;25.77;0
27/12/2014;7:18:34;-24;2.94;4;60;-4.06;0;25.55;0
27/12/2014;7:19:04;-23.92;2.98;4;60;-4.02;0;25.55;0
27/12/2014;7:19:34;-24.06;2.94;4;60;-4.06;0;25.55;0
27/12/2014;7:20:04;-24.26;2.92;4;60;-4.07;0;25.77;0
27/12/2014;7:20:34;-24.06;2.92;4;60;-4.07;0;26.21;0
27/12/2014;7:21:04;-23.99;2.9;4;60;-4.09;0;25.77;0
27/12/2014;7:21:34;-23.86;2.94;4;60;-4.06;0;25.77;0
27/12/2014;7:22:04;-23.86;2.94;4;60;-4.06;0;25.55;0
27/12/2014;7:22:34;-23.96;2.94;4;60;-4.02;0;25.55;0
27/12/2014;7:23:04;-23.96;2.94;2;59;-4.28;0;25.55;0
27/12/2014;7:23:34;-23.91;2.96;2;59;-4.26;0;25.77;0
27/12/2014;7:24:04;-23.97;2.96;4;60;-4.04;0;25.77;0
27/12/2014;7:24:34;-24.17;2.96;2;59;-4.26;0;25.77;0
27/12/2014;7:25:04;-24.18;2.98;2;59;-4.24;0;26.21;0
27/12/2014;7:25:34;-24.46;2.94;2;59;-4.28;0;25.55;0
27/12/2014;7:26:04;-24.31;2.9;4;60;-4.09;0;25.55;0
27/12/2014;7:26:34;-24.22;2.94;4;60;-4.06;0;25.55;0
27/12/2014;7:27:04;-24.72;2.94;4;60;-4.06;0;25.99;0
27/12/2014;7:27:34;-24.22;2.94;2;59;-4.28;0;25.77;0
27/12/2014;7:28:04;-24.23;2.96;4;60;-4.04;0;25.77;0
27/12/2014;7:28:34;-24.37;2.96;2;59;-4.26;0;25.77;0
27/12/2014;7:29:04;-24.33;2.96;4;60;-4.04;0;25.77;0
27/12/2014;7:29:34;-24.24;2.98;4;60;-4.02;0;25.77;0
27/12/2014;7:30:04;-24.37;2.96;2;60;-4.04;0;25.77;0
27/12/2014;7:30:34;-24.17;2.96;2;60;-4.04;0;25.77;0
27/12/2014;7:31:04;-24.14;3;2;60;-4;0;25.99;0
27/12/2014;7:31:34;-23.88;3;4;60;-4;0;25.99;0
27/12/2014;7:32:04;-23.84;3.04;4;60;-3.96;0;25.99;0
27/12/2014;7:32:34;-23.88;3;4;60;-4;0;25.77;0
27/12/2014;7:33:04;-23.94;3.04;2;60;-3.96;0;25.77;0
27/12/2014;7:33:34;-24;3.04;2;59;-4.19;0;25.99;0
27/12/2014;7:34:04;-23.98;3;4;60;-4;0;25.77;0
27/12/2014;7:34:34;-24.38;3;4;60;-4;0;26.21;0
27/12/2014;7:35:04;-24.18;2.98;4;60;-4.02;0;25.77;0
27/12/2014;7:35:34;-24;2.94;4;60;-4.06;0;25.77;0
27/12/2014;7:36:04;-23.78;2.98;4;60;-4.02;0;25.77;0
27/12/2014;7:36:34;-23.87;2.96;4;60;-4.04;0;25.77;0
27/12/2014;7:37:04;-23.71;2.96;2;59;-4.26;0;25.77;0
27/12/2014;7:37:34;-23.97;2.96;4;60;-4.04;0;25.99;0
27/12/2014;7:38:04;-24;2.94;4;60;-4.06;0;25.77;0
27/12/2014;7:38:34;-24.02;2.98;2;59;-4.24;0;25.99;0
27/12/2014;7:39:04;-23.8;2.94;4;60;-4.06;0;25.99;0
27/12/2014;7:39:34;-23.86;2.94;2;59;-4.28;0;25.99;0
27/12/2014;7:40:04;-23.71;2.96;4;60;-4.04;0;25.99;0
27/12/2014;7:40:34;-23.71;2.96;4;60;-4.04;0;26.43;0
27/12/2014;7:41:04;-23.71;2.96;4;60;-4.04;0;25.99;0
27/12/2014;7:41:34;-23.76;2.94;4;60;-4.06;0;26.21;0
27/12/2014;7:42:04;-23.78;2.88;4;60;-4.11;0;26.21;0
27/12/2014;7:42:34;-23.74;2.88;4;60;-4.11;0;25.99;0
27/12/2014;7:43:04;-23.59;2.9;4;60;-4.09;0;26.21;0
27/12/2014;7:43:34;-23.43;2.9;3;60;-4.09;0;26.21;0
27/12/2014;7:44:04;-23.68;2.86;3;60;-4.13;0;27.08;0
27/12/2014;7:44:34;-23.48;2.88;3;60;-4.11;0;26.43;0
27/12/2014;7:45:04;-23.54;2.88;2;59;-4.34;0;26.64;0
27/12/2014;7:45:34;-23.59;2.9;3;60;-4.09;0;26.43;0
27/12/2014;7:46:04;-23.64;2.88;3;60;-4.11;0;26.43;0
27/12/2014;7:46:34;-23.4;2.82;3;60;-4.17;0;26.64;0
27/12/2014;7:47:04;-23.78;2.88;3;60;-4.11;0;26.64;0
27/12/2014;7:47:34;-23.67;2.84;2;59;-4.37;0;26.86;0
27/12/2014;7:48:04;-23.86;2.82;3;60;-4.17;0;26.86;0
27/12/2014;7:48:34;-23.67;2.84;2;59;-4.37;0;26.64;0
27/12/2014;7:49:04;-23.72;2.82;3;60;-4.17;0;27.3;0
27/12/2014;7:49:34;-23.66;2.82;2;59;-4.39;0;26.86;0
27/12/2014;7:50:04;-24.02;2.82;3;60;-4.17;0;27.08;0
27/12/2014;7:50:34;-23.73;2.84;3;60;-4.15;0;27.08;0
27/12/2014;7:51:04;-24.03;2.84;3;60;-4.15;0;27.08;0
27/12/2014;7:51:34;-23.98;2.88;2;59;-4.34;0;27.08;0
27/12/2014;7:52:04;-23.68;2.88;2;59;-4.34;0;27.3;0
27/12/2014;7:52:34;-23.68;2.86;4;60;-4.13;0;27.52;0
27/12/2014;7:53:04;-23.68;2.88;4;60;-4.11;0;27.52;0
27/12/2014;7:53:34;-23.64;2.86;4;60;-4.13;0;27.97;0
27/12/2014;7:54:04;-23.78;2.88;4;60;-4.11;0;27.97;0
27/12/2014;7:54:34;-24.1;2.88;4;60;-4.11;0;26.86;0
27/12/2014;7:55:04;-23.68;2.86;4;60;-4.13;0;27.08;0
27/12/2014;7:55:34;-23.76;2.92;2;60;-4.07;0;27.3;0
27/12/2014;7:56:05;-23.65;2.9;2;60;-4.09;0;27.75;0
27/12/2014;7:56:34;-23.56;2.92;4;60;-4.07;0;27.97;0
27/12/2014;7:57:05;-23.7;2.92;2;60;-4.07;0;28.19;0
27/12/2014;7:57:34;-23.69;2.9;4;60;-4.09;0;28.64;0
27/12/2014;7:58:04;-23.75;2.9;2;60;-4.09;0;28.86;0
27/12/2014;7:58:34;-23.98;2.88;4;60;-4.11;0;29.31;0
27/12/2014;7:59:05;-23.64;2.86;4;60;-4.13;0;29.76;0
27/12/2014;7:59:34;-23.38;2.88;4;60;-4.11;0;30.44;0
27/12/2014;8:00:04;-23.44;2.92;4;60;-4.07;0;30.9;0
27/12/2014;8:00:35;-23.59;2.9;2;60;-4.09;0;31.59;0
27/12/2014;8:01:05;-23.84;2.88;4;60;-4.11;0;32.05;0
27/12/2014;8:01:35;-23.54;2.88;2;60;-4.11;0;32.98;0
27/12/2014;8:02:04;-23.58;2.88;3;60;-4.11;0;33.69;0
27/12/2014;8:02:34;-23.74;2.88;4;60;-4.11;0;34.39;0
27/12/2014;8:03:05;-23.48;2.88;2;59;-4.34;0;35.35;0
27/12/2014;8:03:34;-23.68;2.86;3;60;-4.13;0;35.59;0
27/12/2014;8:04:05;-23.54;2.86;3;60;-4.13;0;36.55;0
27/12/2014;8:04:35;-23.53;2.84;3;60;-4.15;0;37.52;0
27/12/2014;8:05:05;-23.53;2.84;3;60;-4.15;0;38.51;0
27/12/2014;8:05:35;-23.73;2.84;3;60;-4.15;0;39.5;0
27/12/2014;8:06:05;-23.37;2.84;2;60;-4.15;0;40.75;0
27/12/2014;8:06:34;-23.38;2.88;2;60;-4.11;0;42.02;0
27/12/2014;8:07:05;-23.4;2.92;2;59;-4.3;0;43.31;0
27/12/2014;8:07:35;-23.49;2.9;3;60;-4.09;0;44.61;0
27/12/2014;8:08:05;-23.19;2.9;3;60;-4.09;0;46.19;0
27/12/2014;8:08:35;-23.48;2.88;3;60;-4.11;0;47.26;0
27/12/2014;8:09:05;-23.38;2.86;3;60;-4.13;0;48.88;0
27/12/2014;8:09:35;-23.47;2.84;2;59;-4.37;0;50.81;0
27/12/2014;8:10:05;-23.39;2.9;3;60;-4.09;0;52.77;0
27/12/2014;8:10:35;-23.42;2.88;4;60;-4.11;0;54.76;0
27/12/2014;8:11:05;-23.48;2.86;3;60;-4.13;0;57.09;0
27/12/2014;8:11:35;-23.4;2.82;4;60;-4.17;0;59.16;0
27/12/2014;8:12:05;-23.53;2.84;3;60;-4.15;0;61.89;1
27/12/2014;8:12:35;-23.36;2.8;3;60;-4.19;0;64.99;1
27/12/2014;8:13:05;-23.54;2.86;2;59;-4.35;0;67.86;1
27/12/2014;8:13:35;-23.38;2.86;3;60;-4.13;0;70.8;1
27/12/2014;8:14:05;-23.42;2.86;3;60;-4.13;0;73.81;1
27/12/2014;8:14:35;-23.58;2.88;3;60;-4.11;0;76.9;1
27/12/2014;8:15:05;-23.64;2.86;3;60;-4.13;0;80.08;1
27/12/2014;8:15:35;-23.84;2.88;2;59;-4.34;0;83.33;1
27/12/2014;8:16:05;-23.43;2.9;3;60;-4.09;0;87.05;1
27/12/2014;8:16:35;-23.4;2.92;2;59;-4.3;0;90.89;1
27/12/2014;8:17:05;-23.44;2.94;2;59;-4.28;0;94.84;1
27/12/2014;8:17:35;-23.6;2.94;2;59;-4.28;0;98.91;1
27/12/2014;8:18:05;-23.52;2.98;3;60;-4.02;0;103.54;1
27/12/2014;8:18:35;-23.44;3.04;2;59;-4.19;0;108.33;1
27/12/2014;8:19:05;-23.52;3;2;59;-4.22;0;113.76;1
27/12/2014;8:19:35;-23.42;3;2;59;-4.22;0;119.89;1
27/12/2014;8:20:05;-23.46;3;3;60;-4;0;126.29;1
27/12/2014;8:20:35;-23.48;3.04;2;59;-4.19;0;133.51;1
27/12/2014;8:21:05;-23.48;3.06;3;60;-3.94;0;140.54;1
27/12/2014;8:21:35;-23.6;3.06;2;59;-4.17;0;147.91;1
27/12/2014;8:22:05;-23.8;3.06;3;60;-3.94;0;154.43;1
27/12/2014;8:22:35;-23.72;2.98;3;60;-4.02;0;161.22;1
27/12/2014;8:23:05;-23.74;3.04;3;60;-3.96;0;166.99;1
27/12/2014;8:23:35;-23.64;3.04;3;60;-3.96;0;172.3;1
27/12/2014;8:24:05;-23.78;2.98;3;60;-4.02;0;178.48;1
27/12/2014;8:24:35;-23.7;3.06;3;60;-3.94;0;184.16;1
27/12/2014;8:25:05;-23.48;3.06;3;60;-3.94;0;190.78;1
27/12/2014;8:25:35;-23.7;3.04;3;60;-3.96;0;197.65;1
27/12/2014;8:26:05;-23.6;3.06;3;60;-3.94;0;205.6;1
27/12/2014;8:26:35;-23.56;3.12;2;59;-4.11;0;213.91;1
27/12/2014;8:27:05;-23.86;3.1;3;60;-3.91;0;222.6;1
27/12/2014;8:27:35;-23.65;3.08;3;60;-3.92;0;232.63;1
27/12/2014;8:28:05;-23.72;3.1;3;60;-3.91;0;243.19;1
27/12/2014;8:28:35;-23.72;3.1;2;59;-4.13;0;254.32;1
27/12/2014;8:29:05;-24.06;3.1;2;59;-4.13;0;264.98;1
27/12/2014;8:29:35;-23.91;3.08;2;59;-4.15;0;275.04;1
27/12/2014;8:30:05;-23.81;3.08;3;60;-3.92;0;283.2;1
27/12/2014;8:30:35;-23.9;3.06;3;60;-3.94;0;290.44;1
27/12/2014;8:31:05;-23.81;3.08;4;60;-3.92;0;295.39;1
27/12/2014;8:31:35;-24.26;3.06;4;60;-3.94;0;300.46;1
27/12/2014;8:32:05;-24.04;3.06;4;60;-3.94;0;305.63;1
27/12/2014;8:32:35;-24.02;3;4;60;-4;0;310.92;1
27/12/2014;8:33:05;-24.04;3.04;2;60;-3.96;0;316.34;1
27/12/2014;8:33:35;-24.28;3;2;60;-4;0;323.28;1
27/12/2014;8:34:05;-23.8;3.06;2;60;-3.94;0;330.42;1
27/12/2014;8:34:35;-24.02;2.98;2;60;-4.02;0;337.77;1
27/12/2014;8:35:05;-24.1;3.06;2;60;-3.94;0;346.89;1
27/12/2014;8:35:35;-23.9;3.04;2;60;-3.96;0;354.74;1
27/12/2014;8:36:05;-23.84;3.06;4;60;-3.94;0;364.49;1
27/12/2014;8:36:35;-23.75;3.08;4;60;-3.92;0;374.6;1
27/12/2014;8:37:05;-23.94;3.06;2;60;-3.94;0;385.11;1
27/12/2014;8:37:35;-24.16;3.06;4;61;-3.72;0;394.19;1
27/12/2014;8:38:05;-23.7;3.06;4;61;-3.72;0;405.48;1
27/12/2014;8:38:35;-24.01;3.08;2;60;-3.92;0;417.24;1
27/12/2014;8:39:05;-23.85;3.08;4;61;-3.7;0;429.49;1
27/12/2014;8:39:35;-23.56;3.12;4;61;-3.67;0;440.09;1
27/12/2014;8:40:05;-23.63;3.14;4;61;-3.65;0;453.33;1
27/12/2014;8:40:35;-23.63;3.14;4;60;-3.87;0;467.16;1
27/12/2014;8:41:05;-23.78;3.16;2;60;-3.85;0;481.62;1
27/12/2014;8:41:35;-23.72;3.12;4;60;-3.89;0;496.76;1
27/12/2014;8:42:05;-23.67;3.14;2;60;-3.87;0;509.92;1
27/12/2014;8:42:35;-23.52;3.18;2;60;-3.83;0;523.62;1
27/12/2014;8:43:05;-23.52;3.18;2;60;-3.83;0;537.88;1
27/12/2014;8:43:35;-23.68;3.18;2;60;-3.83;0;552.74;1
27/12/2014;8:44:05;-23.59;3.2;2;60;-3.81;0;568.25;1
27/12/2014;8:44:35;-23.68;3.18;4;60;-3.83;0;581.14;1
27/12/2014;8:45:05;-23.53;3.2;2;60;-3.81;0;597.91;1
27/12/2014;8:45:35;-23.59;3.2;3;60;-3.81;0;611.87;1
27/12/2014;8:46:05;-23.59;3.2;2;60;-3.81;0;622.69;1
27/12/2014;8:46:35;-23.64;3.18;4;60;-3.83;0;637.58;1
27/12/2014;8:47:05;-23.75;3.2;2;60;-3.81;0;653.04;1
27/12/2014;8:47:35;-23.53;3.2;3;60;-3.81;0;665.04;1
27/12/2014;8:48:05;-23.76;3.22;4;60;-3.79;0;681.59;1
27/12/2014;8:48:35;-23.7;3.22;4;60;-3.79;0;690.12;1
27/12/2014;8:49:05;-23.99;3.2;2;59;-4.03;0;703.23;1
27/12/2014;8:49:35;-23.98;3.18;4;60;-3.83;0;716.75;1
27/12/2014;8:50:05;-24.24;3.16;4;60;-3.85;0;726;1
27/12/2014;8:50:35;-24.2;3.16;4;60;-3.85;0;735.45;1
27/12/2014;8:51:05;-24.19;3.14;2;60;-3.87;0;750;1
27/12/2014;8:51:35;-24.04;3.16;2;60;-3.85;0;759.96;1
27/12/2014;8:52:05;-23.74;3.18;2;60;-3.83;0;770.15;1
27/12/2014;8:52:35;-23.71;3.26;2;60;-3.75;0;780.56;1
27/12/2014;8:53:05;-23.68;3.3;4;60;-3.72;0;791.2;1
27/12/2014;8:53:35;-23.54;3.34;2;60;-3.68;0;802.08;1
27/12/2014;8:54:05;-23.49;3.38;2;60;-3.64;0;813.22;1
27/12/2014;8:54:35;-23.49;3.38;4;60;-3.64;0;824.61;1
27/12/2014;8:55:05;-23.73;3.44;2;60;-3.58;0;830.41;1
27/12/2014;8:55:35;-23.67;3.44;4;60;-3.58;0;836.27;1
27/12/2014;8:56:05;-23.87;3.44;4;60;-3.58;0;842.21;1
27/12/2014;8:56:35;-23.75;3.5;4;60;-3.53;0;848.21;1
27/12/2014;8:57:05;-23.99;3.5;2;60;-3.53;0;860.44;1
27/12/2014;8:57:35;-24.34;3.46;2;60;-3.57;0;866.67;1
27/12/2014;8:58:05;-24.38;3.4;2;60;-3.62;0;872.97;1
27/12/2014;8:58:35;-24.16;3.42;4;60;-3.6;0;879.35;1
27/12/2014;8:59:05;-24.21;3.38;4;60;-3.6;0;892.34;1
27/12/2014;8:59:35;-23.52;3.46;4;61;-3.34;0;898.96;1
27/12/2014;9:00:05;-23.77;3.44;2;60;-3.58;0;912.45;1
27/12/2014;9:00:35;-23.58;3.46;4;61;-3.34;0;926.28;1
27/12/2014;9:01:05;-23.65;3.54;2;60;-3.49;0;933.33;1
27/12/2014;9:01:35;-23.61;3.56;4;61;-3.25;0;947.71;1
27/12/2014;9:02:05;-23.47;3.62;2;60;-3.42;0;955.04;1
27/12/2014;9:02:35;-23.24;3.64;4;61;-3.17;0;955.04;1
27/12/2014;9:03:05;-23.64;3.64;3;59;-3.62;0;962.47;1
27/12/2014;9:03:35;-23.69;3.66;3;59;-3.6;0;970;1
27/12/2014;9:04:05;-23.67;3.62;4;61;-3.19;0;977.63;1
27/12/2014;9:04:35;-23.2;3.64;4;61;-3.17;0;993.2;1
27/12/2014;9:05:05;-23.24;3.64;3;59;-3.62;0;1001.14;1
27/12/2014;9:05:35;-23.25;3.66;4;61;-3.16;0;1017.36;1
27/12/2014;9:06:05;-23.01;3.68;4;61;-3.14;0;1034.04;1
27/12/2014;9:06:35;-23.16;3.7;3;59;-3.56;0;1042.55;1
27/12/2014;9:07:05;-22.69;3.74;4;62;-2.86;0;1059.95;1
