2015-11-14;19:59:04;-3,73;6,94;8;91;5,57;0;0;0;0;1;0
2015-11-14;19:59:34;-3,79;7;8;91;5,63;0;0;0;0;1;0
2015-11-14;20:00:04;-4;7,04;8;92;5,83;0;0;0;0;1;0
2015-11-14;20:00:34;-3,96;7,14;8;92;5,93;0;0;0;0;1;0
2015-11-14;20:01:04;-3,8;7,22;8;92;6,01;0;0;0;0;1;0
2015-11-14;20:01:34;-3,81;7,36;8;92;6,15;0;0;0;0;1;0
2015-11-14;20:02:04;-3,93;7,4;8;91;6,03;0;0;0;0;1;0
2015-11-14;20:02:34;-3,78;7,5;8;91;6,13;0;0;0;0;1;0
2015-11-14;20:03:04;-3,71;7,64;8;91;6,26;0;0;0;0;1;0
2015-11-14;20:03:40;-4,24;7,74;8;91;6,36;0;0;0;0;1;0
2015-11-14;20:04:04;-4,27;7,82;8;92;6,6;0;0;0;0;1;0
2015-11-14;20:04:34;-4,38;7,92;8;92;6,7;0;0;0;0;1;0
2015-11-14;20:05:04;-4,46;8,02;8;92;6,8;0;0;0;0;1;0
2015-11-14;20:05:34;-4,39;8,06;8;92;6,84;0;0;0;0;1;0
2015-11-14;20:06:04;-4,41;8,12;8;93;7,06;0;0;0;0;1;0
2015-11-14;20:06:34;-4,64;8,22;8;93;7,16;0;0;0;0;1;0
2015-11-14;20:07:04;-4,7;8,26;8;93;7,2;0;0;0;0;1;0
2015-11-14;20:07:34;-4,68;8,34;8;93;7,27;0;0;0;0;1;0
2015-11-14;20:08:04;-4,82;8,4;8;93;7,33;0;0;0;0;1;0
2015-11-14;20:08:40;-4,92;8,44;8;93;7,37;0;0;0;0;1;0
2015-11-14;20:09:04;-5,03;8,52;8;93;7,45;0;0;0;0;1;0
2015-11-14;20:09:34;-5,23;8,54;8;93;7,47;0;0;0;0;1;0
2015-11-14;20:10:04;-5,29;8,58;8;94;7,67;0;0;0;0;1;0
2015-11-14;20:10:34;-5,34;8,62;8;94;7,71;0;0;0;0;1;0
2015-11-14;20:11:04;-5,42;8,62;8;94;7,71;0;0;0;0;1;0
2015-11-14;20:11:34;-5,37;8,7;8;94;7,79;0;0;0;0;1;0
2015-11-14;20:12:05;-5,45;8,72;8;94;7,81;0;0;0;0;1;0
2015-11-14;20:12:35;-5,53;8,72;8;94;7,81;0;0;0;0;1;0
2015-11-14;20:13:05;-5,62;8,74;8;94;7,83;0;0;0;0;1;0
2015-11-14;20:13:35;-5,62;8,74;8;94;7,83;0;0;0;0;1;0
2015-11-14;20:14:05;-5,51;8,78;9;93;7,71;0;0;0;0;1;0
2015-11-14;20:14:35;-5,68;8,8;9;93;7,73;0;0;0;0;1;0
2015-11-14;20:15:05;-5,73;8,82;9;93;7,75;0;0;0;0;1;0
2015-11-14;20:15:35;-5,66;8,86;9;93;7,79;0;0;0;0;1;0
2015-11-14;20:16:05;-5,56;8,92;9;92;7,69;0;0;0;0;1;0
2015-11-14;20:16:35;-5,73;8,94;9;92;7,71;0;0;0;0;1;0
2015-11-14;20:17:11;-5,65;8,96;9;92;7,73;0;0;0;0;1;0
2015-11-14;20:17:35;-5,61;8,96;9;92;7,73;0;0;0;0;1;0
2015-11-14;20:18:05;-5,59;9;9;92;7,77;0;0;0;0;1;0
2015-11-14;20:18:41;-5,8;9,04;9;92;7,81;0;0;0;0;1;0
2015-11-14;20:19:11;-5,88;9,04;9;92;7,81;0;0;0;0;1;0
2015-11-14;20:19:36;-5,93;9,06;9;92;7,83;0;0;0;0;1;0
2015-11-14;20:20:12;-6,05;9,06;9;92;7,83;0;0;0;0;1;0
2015-11-14;20:20:36;-6,12;9,04;9;92;7,81;0;0;0;0;1;0
2015-11-14;20:21:06;-6,02;9,08;9;92;7,85;0;0;0;0;1;0
2015-11-14;20:21:36;-6,18;9,08;9;92;7,85;0;0;0;0;1;0
2015-11-14;20:22:06;-6,3;9,1;9;91;7,71;0;0;0;0;1;0
2015-11-14;20:22:36;-6,3;9,1;9;91;7,71;0;0;0;0;1;0
2015-11-14;20:23:06;-6,41;9,06;9;91;7,67;0;0;0;0;1;0
2015-11-14;20:23:36;-6,34;9,1;9;91;7,71;0;0;0;0;1;0
2015-11-14;20:24:06;-6,4;9,14;9;91;7,75;0;0;0;0;1;0
2015-11-14;20:24:36;-6,58;9,1;9;91;7,71;0;0;0;0;1;0
2015-11-14;20:25:06;-6,72;9,14;9;91;7,75;0;0;0;0;1;0
2015-11-14;20:25:36;-6,74;9,08;9;91;7,69;0;0;0;0;1;0
2015-11-14;20:26:07;-7,2;9,08;9;91;7,69;0;0;0;0;1;0
2015-11-14;20:26:37;-6,74;9,1;9;91;7,71;0;0;0;0;1;0
2015-11-14;20:27:07;-7,31;9,06;9;91;7,67;0;0;0;0;1;0
2015-11-14;20:27:37;-7,26;9,04;9;91;7,65;0;0;0;0;1;0
2015-11-14;20:28:07;-7,3;9,02;9;91;7,63;0;0;0;0;1;0
2015-11-14;20:28:43;-7,25;9;9;91;7,61;0;0;0;0;1;0
2015-11-14;20:29:07;-7,38;9,04;9;91;7,65;0;0;0;0;1;0
2015-11-14;20:29:37;-7,51;9,06;9;91;7,67;0;0;0;0;1;0
2015-11-14;20:30:07;-7,48;9,08;9;90;7,53;0;0;0;0;1;0
2015-11-14;20:30:37;-7,48;9,08;9;90;7,53;0;0;0;0;1;0
2015-11-14;20:31:07;-7,68;9,08;9;90;7,53;0;0;0;0;1;0
2015-11-14;20:31:37;-7,71;9,06;9;90;7,51;0;0;0;0;1;0
2015-11-14;20:32:07;-7,79;9,06;9;90;7,51;0;0;0;0;1;0
2015-11-14;20:32:38;-7,88;9,08;9;90;7,53;0;0;0;0;1;0
2015-11-14;20:33:08;-7,96;9,08;9;90;7,53;0;0;0;0;1;0
2015-11-14;20:33:38;-8,04;9,1;9;90;7,55;0;0;0;0;1;0
2015-11-14;20:34:08;-8,1;9,1;9;90;7,55;0;0;0;0;1;0
2015-11-14;20:34:38;-8,42;9,1;9;90;7,55;0;0;0;0;1;0
2015-11-14;20:35:08;-8,36;9,14;9;90;7,59;0;0;0;0;1;0
2015-11-14;20:35:38;-8,56;9,14;9;90;7,59;0;0;0;0;1;0
2015-11-14;20:36:08;-8,68;9,16;9;90;7,61;0;0;0;0;1;0
2015-11-14;20:36:38;-9;9,1;9;90;7,55;0;0;0;0;1;0
2015-11-14;20:37:08;-9,08;9,1;9;90;7,55;0;0;0;0;1;0
2015-11-14;20:37:38;-9,38;9,1;9;90;7,55;0;0;0;0;1;0
2015-11-14;20:38:14;-9,58;9,1;9;90;7,55;0;0;0;0;1;0
2015-11-14;20:38:38;-9,96;9,08;9;90;7,53;0;0;0;0;1;0
2015-11-14;20:39:08;-9,96;9,1;9;90;7,55;0;0;0;0;1;0
2015-11-14;20:39:38;-10,16;9,08;9;90;7,53;0;0;0;0;1;0
2015-11-14;20:40:09;-10,54;9,1;9;90;7,55;0;0;0;0;1;0
2015-11-14;20:40:39;-10,64;9,08;9;90;7,53;0;0;0;0;1;0
2015-11-14;20:41:09;-10,88;9,1;9;90;7,55;0;0;0;0;1;0
2015-11-14;20:41:39;-11,22;9,1;9;90;7,55;0;0;0;0;1;0
2015-11-14;20:42:09;-11,56;9,08;9;90;7,53;0;0;0;0;1;0
2015-11-14;20:42:39;-12,04;9,08;9;90;7,53;0;0;0;0;1;0
2015-11-14;20:43:09;-12,48;9,08;9;90;7,53;0;0;0;0;1;0
2015-11-14;20:43:39;-12,71;9,06;9;90;7,51;0;0;0;0;1;0
2015-11-14;20:44:09;-13,12;9,08;9;90;7,53;0;0;0;0;1;0
2015-11-14;20:44:34;-13,12;9,08;9;90;7,53;0;0;0;0;1;0
2015-11-14;20:45:04;-13,5;9,04;9;90;7,49;0;0;0;0;1;0
2015-11-14;20:45:34;-14,04;9,08;9;90;7,53;0;0;0;0;1;0
2015-11-14;20:46:04;-14,7;9,08;9;90;7,53;0;0;0;0;1;0
2015-11-14;20:46:34;-15,2;9,04;8;90;7,49;0;0;0;0;1;0
2015-11-14;20:47:04;-15,84;9,02;8;90;7,47;0;0;0;0;1;0
2015-11-14;20:47:34;-16,33;9,06;8;90;7,51;0;0;0;0;1;0
2015-11-14;20:48:04;-16,88;9,04;8;90;7,49;0;0;0;0;1;0
2015-11-14;20:48:34;-17,38;9,02;8;90;7,47;0;0;0;0;1;0
2015-11-14;20:49:04;-17,75;9,06;8;90;7,51;0;0;0;0;1;0
2015-11-14;20:49:34;-18,23;9;8;90;7,45;0;0;0;0;1;0
2015-11-14;20:50:04;-18,6;8,98;8;90;7,43;0;0;0;0;1;0
2015-11-14;20:50:34;-18,93;9;8;90;7,45;0;0;0;0;1;0
2015-11-14;20:51:04;-19,48;8,98;8;90;7,43;0;0;0;0;1;0
2015-11-14;20:51:34;-19,58;8,98;8;90;7,43;0;0;0;0;1;0
2015-11-14;20:52:04;-19,86;8,98;8;90;7,43;0;0;0;0;1;0
2015-11-14;20:52:34;-19,96;8,98;8;90;7,43;0;0;1;0;1;0
2015-11-14;20:53:04;-19,99;8,94;8;90;7,39;0;0;2,1;0;1;0
2015-11-14;20:53:34;-20,27;8,96;8;90;7,41;0;0;3,1;0;1;0
2015-11-14;20:54:04;-20,37;8,96;8;90;7,41;0;0;3,1;0;1;0
2015-11-14;20:54:34;-20,5;8,92;8;90;7,37;0;0;2,1;0;1;0
2015-11-14;20:55:04;-20,73;8,88;8;90;7,33;0;0;1;0;1;0
2015-11-14;20:55:34;-20,79;8,94;8;90;7,39;0;0;1;0;1;0
2015-11-14;20:56:04;-20,85;8,94;8;90;7,39;0;0;1;0;1;0
2015-11-14;20:56:34;-20,92;8,92;8;90;7,37;0;0;1;0;1;0
2015-11-14;20:57:04;-21,01;8,88;8;90;7,33;0;0;0;0;1;0
2015-11-14;20:57:34;-21,2;8,86;8;90;7,31;0;0;0;0;1;0
2015-11-14;20:58:04;-20,95;8,84;8;90;7,29;0;0;0;0;1;0
2015-11-14;20:58:34;-21,04;8,86;8;90;7,31;0;0;0;0;1;0
2015-11-14;20:59:04;-21,24;8,86;8;90;7,31;0;0;0;0;1;0
2015-11-14;20:59:34;-21,13;8,82;8;90;7,27;0;0;0;0;1;0
2015-11-14;21:00:04;-21,18;8,8;8;90;7,25;0;0;1;0;1;0
2015-11-14;21:00:34;-21,21;8,78;8;90;7,23;0;0;2,1;0;1;0
2015-11-14;21:01:04;-21,35;8,76;8;90;7,21;0;0;3,1;0;1;0
2015-11-14;21:01:34;-21,23;8,82;8;90;7,27;0;0;2,1;0;1;0
2015-11-14;21:02:04;-21,59;8,76;8;90;7,21;0;0;1;0;1;0
2015-11-14;21:02:34;-21,44;8,74;8;90;7,19;0;0;0;0;1;0
2015-11-14;21:03:04;-21,25;8,76;8;90;7,21;0;0;1;0;1;0
2015-11-14;21:03:34;-21,43;8,72;8;90;7,17;0;0;2,1;0;1;0
2015-11-14;21:04:04;-21,47;8,72;8;90;7,17;0;0;3,1;0;1;0
2015-11-14;21:04:34;-21,49;8,76;8;90;7,21;0;0;3,1;0;1;0
2015-11-14;21:05:04;-21,48;8,74;8;90;7,19;0;0;3,1;0;1;0
2015-11-14;21:05:34;-21,55;8,76;8;90;7,21;0;0;2,1;0;1;0
2015-11-14;21:06:04;-21,35;8,76;8;90;7,21;0;0;2,1;0;1;0
2015-11-14;21:06:34;-21,44;8,74;8;91;7,35;0;0;2,1;0;1;0
2015-11-14;21:07:04;-21,48;8,74;8;91;7,35;0;0;3,1;0;1;0
2015-11-14;21:07:34;-21,39;8,72;8;91;7,33;0;0;3,1;0;1;0
2015-11-14;21:08:04;-21,41;8,76;8;91;7,37;0;0;3,1;0;1;0
2015-11-14;21:08:34;-21,44;8,74;8;91;7,35;0;0;3,1;0;1;0
2015-11-14;21:09:04;-21,34;8,74;8;91;7,35;0;0;3,1;0;1;0
2015-11-14;21:09:34;-21,82;8,74;8;91;7,35;0;0;3,1;0;1;0
2015-11-14;21:10:04;-21,43;8,72;8;91;7,33;0;0;3,1;0;1;0
2015-11-14;21:10:34;-21,53;8,72;8;91;7,33;0;0;3,1;0;1;0
2015-11-14;21:11:04;-21,53;8,7;8;91;7,31;0;0;3,1;0;1;0
2015-11-14;21:11:34;-21,39;8,72;8;91;7,33;0;0;2,1;0;1;0
2015-11-14;21:12:04;-21,53;8,7;8;91;7,31;0;0;1;0;1;0
2015-11-14;21:12:34;-21,29;8,7;8;91;7,31;0;0;0;0;1;0
2015-11-14;21:13:04;-21,37;8,66;8;91;7,27;0;0;0;0;1;0
2015-11-14;21:13:34;-21,33;8,7;8;91;7,31;0;0;0;0;1;0
2015-11-14;21:14:04;-21,33;8,7;8;91;7,31;0;0;0;0;1;0
2015-11-14;21:14:34;-21,23;8,7;8;91;7,31;0;0;0;0;1;0
2015-11-14;21:15:04;-21,23;8,7;8;91;7,31;0;0;0;0;1;0
2015-11-14;21:15:34;-21,15;8,72;8;91;7,33;0;0;0;0;1;0
2015-11-14;21:16:04;-21,31;8,66;8;91;7,27;0;0;0;0;1;0
2015-11-14;21:16:34;-21,19;8,72;8;91;7,33;0;0;0;0;1;0
2015-11-14;21:17:04;-21,23;8,7;8;91;7,31;0;0;0;0;1;0
2015-11-14;21:17:40;-21,05;8,72;8;91;7,33;0;0;0;0;1;0
2015-11-14;21:18:04;-21,19;8,72;8;91;7,33;0;0;0;0;1;0
2015-11-14;21:18:40;-21,29;8,7;8;91;7,31;0;0;0;0;1;0
2015-11-14;21:19:04;-21,33;8,72;8;91;7,33;0;0;0;0;1;0
2015-11-14;21:19:34;-21,23;8,72;8;91;7,33;0;0;1;0;1;0
2015-11-14;21:20:04;-21,29;8,7;8;91;7,31;0;0;1;0;1;0
2015-11-14;21:20:34;-21,3;8,74;8;91;7,35;0;0;1;0;1;0
2015-11-14;21:21:10;-21,43;8,7;8;91;7,31;0;0;1;0;1;0
2015-11-14;21:21:34;-21,39;8,7;8;91;7,31;0;0;1;0;1;0
2015-11-14;21:22:04;-21,61;8,66;8;91;7,27;0;0;1;0;1;0
2015-11-14;21:22:34;-21,33;8,72;8;92;7,49;0;0;0;0;1;0
2015-11-14;21:23:04;-21,51;8,66;8;92;7,43;0;0;0;0;1;0
2015-11-14;21:23:34;-21,21;8,66;8;92;7,43;0;0;0;0;1;0
2015-11-14;21:24:04;-21,29;8,7;8;92;7,47;0;0;0;0;1;0
2015-11-14;21:24:34;-21,43;8,7;8;92;7,47;0;0;0;0;1;0
2015-11-14;21:25:04;-21,45;8,66;8;92;7,43;0;0;0;0;1;0
2015-11-14;21:25:34;-21,41;8,66;8;92;7,43;0;0;0;0;1;0
2015-11-14;21:26:04;-21,31;8,66;8;92;7,43;0;0;0;0;1;0
2015-11-14;21:26:34;-21,47;8,7;8;92;7,47;0;0;0;0;1;0
2015-11-14;21:27:04;-21,27;8,64;8;92;7,41;0;0;0;0;1;0
2015-11-14;21:27:34;-21,39;8,72;8;92;7,49;0;0;0;0;1;0
2015-11-14;21:28:04;-21,37;8,66;8;92;7,43;0;0;0;0;1;0
2015-11-14;21:28:34;-21,31;8,66;8;92;7,43;0;0;0;0;1;0
2015-11-14;21:29:04;-21,31;8,66;8;92;7,43;0;0;0;0;1;0
2015-11-14;21:29:34;-21,31;8,64;8;92;7,41;0;0;0;0;1;0
2015-11-14;21:30:04;-21,21;8,64;8;92;7,41;0;0;0;0;1;0
2015-11-14;21:30:34;-21,37;8,64;8;91;7,25;0;0;0;0;1;0
2015-11-14;21:31:04;-21,37;8,64;8;91;7,25;0;0;0;0;1;0
2015-11-14;21:31:34;-21,37;8,64;8;91;7,25;0;0;0;0;1;0
2015-11-14;21:32:04;-21,31;8,64;8;91;7,25;0;0;0;0;1;0
2015-11-14;21:32:34;-21,26;8,62;8;92;7,39;0;0;0;0;1;0
2015-11-14;21:33:04;-21,26;8,62;8;92;7,39;0;0;0;0;1;0
2015-11-14;21:33:34;-21,36;8,62;8;92;7,39;0;1;0;0;1;0
2015-11-14;21:34:04;-21,26;8,62;8;92;7,39;0;0;0;0;1;0
2015-11-14;21:34:34;-21,16;8,62;8;92;7,39;0;0;1;0;1;0
2015-11-14;21:35:04;-21,11;8,6;8;92;7,37;0;0;1;0;1;0
2015-11-14;21:35:34;-21,2;8,62;8;92;7,39;0;0;1;0;1;0
2015-11-14;21:36:10;-21,13;8,64;8;92;7,41;0;0;1;0;1;0
2015-11-14;21:36:34;-21,2;8,62;8;92;7,39;0;0;1;0;1;0
2015-11-14;21:37:04;-21,13;8,64;8;92;7,41;0;0;1;0;1;0
2015-11-14;21:37:34;-21,17;8,66;8;92;7,43;0;0;0;0;1;0
2015-11-14;21:38:04;-21,06;8,62;8;92;7,39;0;0;0;0;1;0
2015-11-14;21:38:34;-21,17;8,64;8;93;7,57;0;1;0;0;1;0
2015-11-14;21:39:04;-21,15;8,7;8;93;7,63;0;0;0;0;1;0
2015-11-14;21:39:34;-21,17;8,64;8;93;7,57;0;0;0;0;1;0
2015-11-14;21:40:04;-21,27;8,66;8;93;7,59;0;0;0;0;1;0
2015-11-14;21:40:34;-21,31;8,66;8;92;7,43;0;0;0;0;1;0
2015-11-14;21:41:04;-21,4;8,62;8;92;7,39;0;1;0;0;1;0
2015-11-14;21:41:34;-21,15;8,6;8;92;7,37;0;0;0;0;1;0
2015-11-14;21:42:04;-21,01;8,6;8;92;7,37;0;0;0;0;1;0
2015-11-14;21:42:34;-21,05;8,6;8;92;7,37;0;1;0;0;1;0
2015-11-14;21:43:04;-21,01;8,6;8;92;7,37;0;0;0;0;1;0
2015-11-14;21:43:34;-21,15;8,58;8;92;7,35;0;0;0;0;1;0
2015-11-14;21:44:04;-21,27;8,54;8;92;7,31;0;0;0;0;1;0
2015-11-14;21:44:34;-21,23;8,54;8;91;7,15;0;0;0;0;1;0
2015-11-14;21:45:04;-21,15;8,48;8;91;7,1;0;0;0;0;1;0
2015-11-14;21:45:34;-20,96;8,44;8;91;7,06;0;0;0;0;1;0
2015-11-14;21:46:04;-20,96;8,44;8;91;7,06;0;0;0;0;1;0
2015-11-14;21:46:34;-20,82;8,44;8;90;6,89;0;0;0;0;1;0
2015-11-14;21:47:04;-21,06;8,44;8;90;6,89;0;0;0;0;1;0
2015-11-14;21:47:34;-21,05;8,42;8;90;6,88;0;0;0;0;1;0
2015-11-14;21:48:04;-20,99;8,42;8;90;6,88;0;0;0;0;1;0
2015-11-14;21:48:34;-20,75;8,42;8;90;6,88;0;0;0;0;1;0
2015-11-14;21:49:04;-20,83;8,48;8;90;6,93;0;0;0;0;1;0
2015-11-14;21:49:34;-20,84;8,5;8;90;6,95;0;0;0;0;1;0
2015-11-14;21:50:04;-20,91;8,48;8;90;6,93;0;0;0;0;1;0
2015-11-14;21:50:34;-20,99;8,42;8;90;6,88;0;1;0;0;1;0
2015-11-14;21:51:04;-20,89;8,42;8;90;6,88;0;0;0;0;1;0
2015-11-14;21:51:34;-20,85;8,42;8;90;6,88;0;0;0;0;1;0
2015-11-14;21:52:04;-20,87;8,48;8;90;6,93;0;0;0;0;1;0
2015-11-14;21:52:34;-20,86;8,44;8;90;6,89;0;0;0;0;1;0
2015-11-14;21:53:04;-20,88;8,5;8;90;6,95;0;0;0;0;1;0
2015-11-14;21:53:34;-20,91;8,48;8;90;6,93;0;0;0;0;1;0
2015-11-14;21:54:04;-20,92;8,5;8;90;6,95;0;0;0;0;1;0
2015-11-14;21:54:34;-20,91;8,48;8;90;6,93;0;0;0;0;1;0
2015-11-14;21:55:04;-21,02;8,5;8;90;6,95;0;0;0;0;1;0
2015-11-14;21:55:34;-20,97;8,48;8;90;6,93;0;0;0;0;1;0
2015-11-14;21:56:04;-21,11;8,48;8;90;6,93;0;0;0;0;1;0
2015-11-14;21:56:34;-21,23;8,54;8;91;7,15;0;0;0;0;1;0
2015-11-14;21:57:04;-20,99;8,52;8;91;7,14;0;0;0;0;1;0
2015-11-14;21:57:34;-21,13;8,52;8;91;7,14;0;0;0;0;1;0
2015-11-14;21:58:04;-21,12;8,5;8;91;7,12;0;0;0;0;1;0
2015-11-14;21:58:34;-20,97;8,48;8;90;6,93;0;0;0;0;1;0
2015-11-14;21:59:04;-20,92;8,5;8;90;6,95;0;0;0;0;1;0
2015-11-14;21:59:34;-21,16;8,5;8;90;6,95;0;0;0;0;1;0
2015-11-14;22:00:04;-21,16;8,5;8;90;6,95;0;0;0;0;1;0
2015-11-14;22:00:34;-21,14;8,44;8;90;6,89;0;0;0;0;1;0
2015-11-14;22:01:04;-21,04;8,4;8;90;6,86;0;0;0;0;1;0
2015-11-14;22:01:34;-21,2;8,34;8;90;6,8;0;0;0;0;1;0
2015-11-14;22:02:04;-21,34;8,34;8;90;6,8;0;0;0;0;1;0
2015-11-14;22:02:34;-21,14;8,28;8;89;6,57;0;0;0;0;1;0
2015-11-14;22:03:04;-21,24;8,26;8;89;6,55;0;0;0;0;1;0
2015-11-14;22:03:34;-20,94;8,28;8;89;6,57;0;0;0;0;1;0
2015-11-14;22:04:04;-20,92;8,34;8;89;6,63;0;0;0;0;1;0
2015-11-14;22:04:34;-21,02;8,32;7;89;6,61;0;1;0;0;1;0
2015-11-14;22:05:04;-20,92;8,32;7;89;6,61;0;1;0;0;1;0
2015-11-14;22:05:34;-20,96;8,32;7;89;6,61;0;0;0;0;1;0
2015-11-14;22:06:04;-20,9;8,26;7;89;6,55;0;1;0;0;1;0
2015-11-14;22:06:34;-20,94;8,28;7;89;6,57;0;1;0;0;1;0
2015-11-14;22:07:04;-21,08;8,26;7;89;6,55;0;1;0;0;1;0
2015-11-14;22:07:34;-21,04;8,26;7;89;6,55;0;1;0;0;1;0
2015-11-14;22:08:04;-21,17;8,24;7;89;6,53;0;1;0;0;1;0
2015-11-14;22:08:40;-21,02;8,22;7;89;6,52;0;1;0;0;1;0
2015-11-14;22:09:10;-20,92;8,22;7;89;6,52;0;1;0;0;1;0
2015-11-14;22:09:34;-20,88;8,22;7;89;6,52;0;1;0;0;1;0
2015-11-14;22:10:04;-20,74;8,22;7;89;6,52;0;1;0;0;1;0
2015-11-14;22:10:34;-20,83;8,24;7;89;6,53;0;1;0;0;1;0
2015-11-14;22:11:04;-20,93;8,24;7;89;6,53;0;1;0;0;1;0
2015-11-14;22:11:34;-21,14;8,26;7;89;6,55;0;1;0;0;1;0
2015-11-14;22:12:04;-21,07;8,24;7;89;6,53;0;1;0;0;1;0
2015-11-14;22:12:34;-21,12;8,22;7;89;6,52;0;1;0;0;1;0
2015-11-14;22:13:04;-21,02;8,22;7;89;6,52;0;1;0;0;1;0
2015-11-14;22:13:34;-20,88;8,22;7;89;6,52;0;1;0;0;1;0
2015-11-14;22:14:04;-21,01;8,18;7;89;6,48;0;1;0;0;1;0
2015-11-14;22:14:34;-20,97;8,18;7;89;6,48;0;1;0;0;1;0
2015-11-14;22:15:04;-20,82;8,22;7;89;6,52;0;1;0;0;1;0
2015-11-14;22:15:34;-21,06;8,22;7;89;6,52;0;1;0;0;1;0
2015-11-14;22:16:04;-21,06;8,22;7;89;6,52;0;1;0;0;1;0
2015-11-14;22:16:34;-21,14;8,16;7;89;6,46;0;1;0;0;1;0
2015-11-14;22:17:04;-21,04;8,16;7;89;6,46;0;1;0;0;1;0
2015-11-14;22:17:34;-21;8,16;7;89;6,46;0;1;0;0;1;0
2015-11-14;22:18:04;-20,96;8,14;7;89;6,44;0;1;0;0;1;0
2015-11-14;22:18:34;-21,37;8,12;7;89;6,42;0;1;0;0;1;0
2015-11-14;22:19:04;-21,22;8,1;7;89;6,4;0;1;0;0;1;0
2015-11-14;22:19:34;-21,18;8,08;7;89;6,38;0;1;0;0;1;0
2015-11-14;22:20:04;-21,17;8,06;7;89;6,36;0;1;0;0;1;0
2015-11-14;22:20:34;-21,1;8,02;7;90;6,48;0;1;0;0;1;0
2015-11-14;22:21:04;-21,24;8,02;7;90;6,48;0;1;0;0;1;0
2015-11-14;22:21:34;-21,29;8;7;90;6,46;0;1;0;0;1;0
2015-11-14;22:22:04;-21,15;8;7;90;6,46;0;1;0;0;1;0
2015-11-14;22:22:34;-21,42;7,96;7;90;6,42;0;1;0;0;1;0
2015-11-14;22:23:10;-21,17;7,94;7;90;6,4;0;1;0;0;1;0
2015-11-14;22:23:34;-21,21;7,94;7;90;6,4;0;1;0;0;1;0
2015-11-14;22:24:04;-21,26;7,92;7;90;6,38;0;1;0;0;1;0
2015-11-14;22:24:34;-21,2;7,9;7;90;6,36;0;1;0;0;1;0
2015-11-14;22:25:04;-21,36;7,92;7;90;6,38;0;1;0;0;1;0
2015-11-14;22:25:34;-21,02;7,9;7;90;6,36;0;1;0;0;1;0
2015-11-14;22:26:04;-21,06;7,9;7;90;6,36;0;1;0;0;1;0
2015-11-14;22:26:34;-21,12;7,92;7;91;6,54;0;1;0;0;1;0
2015-11-14;22:27:04;-20,96;7,9;7;91;6,52;0;1;0;0;1;0
2015-11-14;22:27:40;-20,82;7,9;7;91;6,52;0;1;0;0;1;0
2015-11-14;22:28:04;-20,68;7,9;7;91;6,52;0;1;1;0;1;0
2015-11-14;22:28:34;-20,78;7,9;7;91;6,52;0;1;1;0;1;0
2015-11-14;22:29:04;-20,88;7,92;7;91;6,54;0;1;1;0;1;0
2015-11-14;22:29:34;-20,34;7,9;7;91;6,52;0;1;0;0;1;0
2015-11-14;22:30:04;-20,58;7,92;7;91;6,54;0;1;0;0;1;0
2015-11-14;22:30:34;-20,55;7,94;7;92;6,72;0;1;0;0;1;0
2015-11-14;22:31:04;-20,44;7,9;7;92;6,68;0;1;0;0;1;0
2015-11-14;22:31:40;-20,69;7,94;7;92;6,72;0;1;0;0;1;0
2015-11-14;22:32:04;-20,68;7,9;7;92;6,68;0;1;0;0;1;0
2015-11-14;22:32:34;-20,82;7,9;7;92;6,68;0;1;1;0;1;0
2015-11-14;22:33:04;-21,01;7,88;7;92;6,66;0;1;1;0;1;0
2015-11-14;22:33:34;-21,01;7,88;7;92;6,66;0;1;1;0;1;0
2015-11-14;22:34:04;-21,11;7,88;7;92;6,66;0;1;0;0;1;0
2015-11-14;22:34:40;-21,23;7,84;7;93;6,78;0;1;0;0;1;0
2015-11-14;22:35:04;-21;7,86;7;93;6,8;0;1;0;0;1;0
2015-11-14;22:35:34;-21,23;7,84;7;93;6,78;0;1;0;0;1;0
2015-11-14;22:36:04;-20,99;7,82;7;93;6,76;0;1;0;0;1;0
2015-11-14;22:36:34;-20,91;7,78;7;92;6,56;0;1;0;0;1;0
2015-11-14;22:37:04;-20,91;7,78;7;92;6,56;0;1;0;0;1;0
2015-11-14;22:37:34;-21,05;7,72;7;92;6,5;0;1;0;0;1;0
2015-11-14;22:38:04;-21,19;7,72;7;92;6,5;0;1;0;0;1;0
2015-11-14;22:38:34;-21,28;7,68;7;92;6,46;0;1;0;0;1;0
2015-11-14;22:39:04;-21,32;7,68;7;92;6,46;0;1;0;0;1;0
2015-11-14;22:39:34;-21,35;7,66;7;92;6,44;0;1;0;0;1;0
2015-11-14;22:40:04;-21,31;7,64;7;92;6,42;0;1;0;0;1;0
2015-11-14;22:40:34;-21,41;7,64;7;91;6,26;0;1;0;0;1;0
2015-11-14;22:41:04;-21,4;7,62;7;91;6,25;0;1;0;0;1;0
2015-11-14;22:41:34;-21,44;7,62;7;91;6,25;0;1;0;0;1;0
2015-11-14;22:42:04;-21,52;7,56;7;91;6,19;0;1;0;0;1;0
2015-11-14;22:42:34;-21,42;7,56;7;91;6,19;0;1;0;0;1;0
2015-11-14;22:43:04;-21,42;7,56;7;91;6,19;0;1;0;0;1;0
2015-11-14;22:43:34;-21,41;7,54;7;91;6,17;0;1;0;0;1;0
2015-11-14;22:44:10;-21,28;7,56;7;91;6,19;0;1;0;0;1;0
2015-11-14;22:44:34;-21,47;7,54;7;90;6,01;0;1;0;0;1;0
2015-11-14;22:45:04;-21,58;7,56;7;90;6,03;0;1;0;0;1;0
2015-11-14;22:45:34;-21,64;7,5;7;90;5,97;0;1;0;0;1;0
2015-11-14;22:46:04;-21,57;7,54;7;90;6,01;0;1;0;0;1;0
2015-11-14;22:46:34;-21,35;7,48;7;90;5,95;0;1;0;0;1;0
2015-11-14;22:47:04;-21,38;7,44;7;90;5,91;0;1;0;0;1;0
2015-11-14;22:47:40;-21,2;7,44;7;90;5,91;0;1;0;0;1;0
2015-11-14;22:48:04;-21,44;7,44;7;90;5,91;0;1;0;0;1;0
2015-11-14;22:48:34;-21,28;7,44;7;90;5,91;0;1;0;0;1;0
2015-11-14;22:49:10;-21,33;7,42;7;90;5,89;0;1;0;0;1;0
2015-11-14;22:49:34;-21,27;7,4;7;90;5,87;0;1;0;0;1;0
2015-11-14;22:50:04;-21,18;7,38;7;90;5,85;0;1;0;0;1;0
2015-11-14;22:50:34;-21,07;7,36;7;90;5,83;0;1;0;0;1;0
2015-11-14;22:51:04;-21,13;7,4;7;90;5,87;0;1;0;0;1;0
2015-11-14;22:51:34;-21,19;7,42;7;90;5,89;0;1;0;0;1;0
2015-11-14;22:52:04;-21,27;7,4;7;90;5,87;0;1;0;0;1;0
2015-11-14;22:52:34;-21,27;7,4;7;90;5,87;0;1;0;0;1;0
2015-11-14;22:53:04;-21,23;7,42;7;90;5,89;0;1;0;0;1;0
2015-11-14;22:53:34;-21,14;7,44;7;90;5,91;0;1;0;0;1;0
2015-11-14;22:54:04;-21,39;7,46;7;90;5,93;0;1;0;0;1;0
2015-11-14;22:54:34;-21,29;7,46;6;90;5,93;0;1;0;0;1;0
2015-11-14;22:55:04;-21,45;7,46;6;90;5,93;0;1;0;0;1;0
2015-11-14;22:55:34;-21,49;7,48;6;90;5,95;0;1;0;0;1;0
2015-11-14;22:56:04;-21,73;7,48;6;90;5,95;0;1;0;0;1;0
2015-11-14;22:56:34;-21,97;7,46;7;91;6,09;0;1;0;0;1;0
2015-11-14;22:57:04;-21,87;7,48;7;91;6,11;0;1;0;0;1;0
2015-11-14;22:57:34;-21,63;7,46;7;91;6,09;0;1;0;0;1;0
2015-11-14;22:58:04;-21,77;7,42;7;91;6,05;0;1;0;0;1;0
2015-11-14;22:58:34;-21,95;7,42;7;91;6,05;0;1;0;0;1;0
2015-11-14;22:59:04;-21,81;7,4;7;91;6,03;0;1;0;0;1;0
2015-11-14;22:59:34;-21,93;7,34;7;91;5,97;0;1;1;0;1;0
2015-11-14;23:00:04;-21,81;7,28;7;91;5,91;0;1;1;0;1;0
2015-11-14;23:00:34;-21,99;7,24;6;91;5,87;0;1;1;0;1;0
2015-11-14;23:01:04;-22,11;7,18;6;91;5,81;0;1;1;0;1;0
2015-11-14;23:01:34;-21,83;7,18;6;91;5,81;0;1;2,1;0;1;0
2015-11-14;23:02:04;-22,01;7,12;6;91;5,75;0;1;3,1;0;1;0
2015-11-14;23:02:34;-22,04;7,1;6;91;5,73;0;1;2,1;0;1;0
2015-11-14;23:03:04;-22,16;7,04;6;91;5,67;0;1;2,1;0;1;0
2015-11-14;23:03:40;-22,06;7,02;6;91;5,65;0;1;2,1;0;1;0
2015-11-14;23:04:04;-21,67;7;6;91;5,63;0;1;3,1;0;1;0
2015-11-14;23:04:34;-21,56;6,98;6;91;5,61;0;1;3,1;0;1;0
2015-11-14;23:05:04;-21,46;6,96;6;91;5,59;0;1;3,1;0;1;0
2015-11-14;23:05:34;-21,52;6,98;6;91;5,61;0;0;2,1;0;1;0
2015-11-14;23:06:04;-21,56;6,96;6;91;5,59;0;0;1;0;1;0
2015-11-14;23:06:34;-21,62;6,96;6;91;5,59;0;1;0;0;1;0
2015-11-14;23:07:04;-21,66;6,96;6;91;5,59;0;0;0;0;1;0
2015-11-14;23:07:34;-21,22;6,96;6;91;5,59;0;1;0;0;1;0
2015-11-14;23:08:04;-21,44;6,92;6;91;5,55;0;1;0;0;1;0
2015-11-14;23:08:34;-21,74;6,92;6;91;5,55;0;1;0;0;1;0
2015-11-14;23:09:04;-21,61;6,94;6;91;5,57;0;1;0;0;1;0
2015-11-14;23:09:34;-21,74;6,9;6;91;5,53;0;1;0;0;1;0
2015-11-14;23:10:04;-21,68;6,9;6;91;5,53;0;1;0;0;1;0
2015-11-14;23:10:34;-21,43;6,88;6;91;5,51;0;1;0;0;1;0
2015-11-14;23:11:04;-21,62;6,84;6;91;5,47;0;1;0;0;1;0
2015-11-14;23:11:40;-21,47;6,82;6;91;5,45;0;1;0;0;1;0
2015-11-14;23:12:04;-21,5;6,8;6;91;5,43;0;1;1;0;1;0
2015-11-14;23:12:34;-21,12;6,8;6;91;5,43;0;1;1;0;1;0
2015-11-14;23:13:04;-20,74;6,8;6;91;5,43;0;1;1;0;1;0
2015-11-14;23:13:34;-20,02;6,8;6;91;5,43;0;1;0;0;1;0
2015-11-14;23:14:04;-19,16;6,8;6;91;5,43;0;1;0;0;1;0
2015-11-14;23:14:34;-18,6;6,78;6;91;5,41;0;1;0;0;1;0
2015-11-14;23:15:04;-18,04;6,8;6;91;5,43;0;0;0;0;1;0
2015-11-14;23:15:34;-17,32;6,84;6;91;5,47;0;0;0;0;1;0
2015-11-14;23:16:10;-16,09;6,88;6;91;5,51;0;0;0;0;1;0
2015-11-14;23:16:34;-15,2;6,92;6;92;5,71;0;0;0;0;1;0
2015-11-14;23:17:04;-15,18;6,98;6;92;5,77;0;0;0;0;1;0
2015-11-14;23:17:34;-14,7;7,02;6;92;5,81;0;0;0;0;1;0
2015-11-14;23:18:04;-14,45;7,06;6;92;5,85;0;0;0;0;1;0
2015-11-14;23:18:34;-14,18;7,14;6;93;6,08;0;0;0;0;1;0
2015-11-14;23:19:04;-13,88;7,22;6;93;6,16;0;0;0;0;1;0
2015-11-14;23:19:34;-14,44;7,2;6;93;6,14;0;0;0;0;1;0
2015-11-14;23:20:04;-14,37;7,24;6;93;6,18;0;0;0;0;1;0
2015-11-14;23:20:34;-14,45;7,24;6;93;6,18;0;0;0;0;1;0
2015-11-14;23:21:04;-15,19;7,24;6;93;6,18;0;0;0;0;1;0
2015-11-14;23:21:40;-14,96;7,26;6;93;6,2;0;0;0;0;1;0
2015-11-14;23:22:04;-14,57;7,28;6;93;6,22;0;0;0;0;1;0
2015-11-14;23:22:34;-14,58;7,32;6;93;6,26;0;0;0;0;1;0
2015-11-14;23:23:04;-14,55;7,36;6;93;6,3;0;0;0;0;1;0
2015-11-14;23:23:34;-14,96;7,38;6;93;6,32;0;0;0;0;1;0
2015-11-14;23:24:04;-15,43;7,42;6;93;6,36;0;0;0;0;1;0
2015-11-14;23:24:34;-16,09;7,42;6;94;6,52;0;0;0;0;1;0
2015-11-14;23:25:04;-16,41;7,42;6;94;6,52;0;0;0;0;1;0
2015-11-14;23:25:34;-16,42;7,44;6;94;6,54;0;0;0;0;1;0
2015-11-14;23:26:04;-16,37;7,42;6;94;6,52;0;0;0;0;1;0
2015-11-14;23:26:34;-16,38;7,44;6;94;6,54;0;0;0;0;1;0
2015-11-14;23:27:04;-16,07;7,46;6;94;6,56;0;0;0;0;1;0
2015-11-14;23:27:34;-15,93;7,48;6;94;6,58;0;0;0;0;1;0
2015-11-14;23:28:04;-16,11;7,48;6;94;6,58;0;0;0;0;1;0
2015-11-14;23:28:34;-15,93;7,48;6;94;6,58;0;0;0;0;1;0
2015-11-14;23:29:04;-15,86;7,5;6;94;6,6;0;0;0;0;1;0
2015-11-14;23:29:34;-15,78;7,56;6;94;6,66;0;0;0;0;1;0
2015-11-14;23:30:04;-15,88;7,56;6;94;6,66;0;0;0;0;1;0
2015-11-14;23:30:34;-15,97;7,6;6;94;6,7;0;0;0;0;1;0
2015-11-14;23:31:04;-16,25;7,6;6;94;6,7;0;0;0;0;1;0
2015-11-14;23:31:34;-16,62;7,62;6;94;6,72;0;0;0;0;1;0
2015-11-14;23:32:04;-16,39;7,6;6;94;6,7;0;0;0;0;1;0
2015-11-14;23:32:34;-16,41;7,64;6;95;6,89;0;0;0;0;1;0
2015-11-14;23:33:10;-16,17;7,66;6;95;6,91;0;0;0;0;1;0
2015-11-14;23:33:34;-16,06;7,68;6;95;6,93;0;0;0;0;1;0
2015-11-14;23:34:04;-16,47;7,7;6;95;6,95;0;0;0;0;1;0
2015-11-14;23:34:34;-16,78;7,68;6;94;6,78;0;0;0;0;1;0
2015-11-14;23:35:04;-16,96;7,68;6;94;6,78;0;0;0;0;1;0
2015-11-14;23:35:34;-16,65;7,7;6;94;6,8;0;0;0;0;1;0
2015-11-14;23:36:04;-15,83;7,7;6;94;6,8;0;0;0;0;1;0
2015-11-14;23:36:34;-16,01;7,7;6;94;6,8;0;0;0;0;1;0
2015-11-14;23:37:04;-15,57;7,72;6;94;6,82;0;0;0;0;1;0
2015-11-14;23:37:34;-15,07;7,72;6;94;6,82;0;0;0;0;1;0
2015-11-14;23:38:04;-15,4;7,74;6;94;6,84;0;0;0;0;1;0
2015-11-14;23:38:34;-15,44;7,74;6;94;6,84;0;0;0;0;1;0
2015-11-14;23:39:04;-15,35;7,7;6;94;6,8;0;0;0;0;1;0
2015-11-14;23:39:34;-15,17;7,72;6;94;6,82;0;0;0;0;1;0
2015-11-14;23:40:04;-14,31;7,72;6;94;6,82;0;0;0;0;1;0
2015-11-14;23:40:35;-13,57;7,7;6;94;6,8;0;0;0;0;1;0
2015-11-14;23:41:05;-13,74;7,68;6;94;6,78;0;0;0;0;1;0
2015-11-14;23:41:35;-12,79;7,7;6;94;6,8;0;0;0;0;1;0
2015-11-14;23:42:05;-12,17;7,7;6;94;6,8;0;0;0;0;1;0
2015-11-14;23:42:35;-12,39;7,7;6;95;6,95;0;0;0;0;1;0
2015-11-14;23:43:05;-12,69;7,72;6;95;6,97;0;0;0;0;1;0
2015-11-14;23:43:35;-11,5;7,74;6;95;6,99;0;0;0;0;1;0
2015-11-14;23:44:05;-10,16;7,8;6;95;7,05;0;0;0;0;1;0
2015-11-14;23:44:41;-9,83;7,82;6;95;7,07;0;0;0;0;1;0
2015-11-14;23:45:05;-10,17;7,84;6;95;7,09;0;0;0;0;1;0
2015-11-14;23:45:35;-10,45;7,82;6;95;7,07;0;0;0;0;1;0
2015-11-14;23:46:05;-11,23;7,84;6;95;7,09;0;0;0;0;1;0
2015-11-14;23:46:35;-12,14;7,86;6;96;7,26;0;0;0;0;1;0
2015-11-14;23:47:06;-13,03;7,84;6;96;7,24;0;0;0;0;1;0
2015-11-14;23:47:35;-13,57;7,82;6;96;7,22;0;0;0;0;1;0
2015-11-14;23:48:06;-13,91;7,82;6;96;7,22;0;0;0;0;1;0
2015-11-14;23:48:36;-15,21;7,82;6;96;7,22;0;0;0;0;1;0
2015-11-14;23:49:06;-15,21;7,72;6;96;7,12;0;0;0;0;1;0
2015-11-14;23:49:36;-15,17;7,7;6;96;7,1;0;0;0;0;1;0
2015-11-14;23:50:06;-14,75;7,72;6;96;7,12;0;0;0;0;1;0
2015-11-14;23:50:42;-14,24;7,62;6;96;7,02;0;0;0;0;1;0
2015-11-14;23:51:06;-13,31;7,6;6;96;7;0;0;0;0;1;0
2015-11-14;23:51:36;-11,12;7,62;6;96;7,02;0;0;0;0;1;0
2015-11-14;23:52:06;-12,1;7,62;6;96;7,02;0;0;0;0;1;0
2015-11-14;23:52:36;-11,2;7,62;6;96;7,02;0;0;0;0;1;0
2015-11-14;23:53:06;-10,95;7,64;6;96;7,04;0;0;0;0;1;0
2015-11-14;23:53:36;-11,13;7,66;6;96;7,06;0;0;0;0;1;0
2015-11-14;23:54:06;-10,7;7,68;6;96;7,08;0;0;0;0;1;0
2015-11-14;23:54:37;-10,28;7,68;6;95;6,93;0;0;0;0;1;0
2015-11-14;23:55:07;-10,59;7,72;6;95;6,97;0;0;0;0;1;0
2015-11-14;23:55:37;-10,47;7,72;6;95;6,97;0;0;0;0;1;0
2015-11-14;23:56:07;-10,33;7,72;6;95;6,97;0;0;0;0;1;0
2015-11-14;23:56:37;-10,51;7,72;6;95;6,97;0;0;0;0;1;0
2015-11-14;23:57:07;-10,07;7,7;6;95;6,95;0;0;0;0;1;0
2015-11-14;23:57:37;-9,69;7,72;6;95;6,97;0;0;0;0;1;0
2015-11-14;23:58:07;-10,16;7,68;6;95;6,93;0;0;0;0;1;0
2015-11-14;23:58:37;-10,63;7,72;6;95;6,97;0;0;0;0;1;0
2015-11-14;23:59:07;-10,63;7,72;6;95;6,97;0;0;0;0;1;0
2015-11-14;23:59:37;-10,89;7,7;6;95;6,95;0;0;0;0;1;0
2015-11-15;00:00:07;-10,93;7,72;6;95;6,97;0;0;0;0;1;0
2015-11-15;00:00:38;-10,68;7,74;6;96;7,14;0;0;0;0;1;0
2015-11-15;00:01:07;-11,33;7,78;6;96;7,18;0;0;0;0;1;0
2015-11-15;00:01:37;-10,86;7,74;6;96;7,14;0;0;0;0;1;0
2015-11-15;00:02:08;-10,95;7,78;6;96;7,18;0;0;0;0;1;0
2015-11-15;00:02:38;-11,32;7,74;6;96;7,14;0;0;0;0;1;0
2015-11-15;00:03:08;-10,94;7,74;6;96;7,14;0;0;0;0;1;0
2015-11-15;00:03:44;-11,06;7,74;6;96;7,14;0;0;0;0;1;0
2015-11-15;00:04:08;-10,97;7,72;6;96;7,12;0;0;0;0;1;0
2015-11-15;00:04:38;-10,67;7,7;6;96;7,1;0;0;0;0;1;0
2015-11-15;00:05:08;-9,68;7,68;6;96;7,08;0;0;0;0;1;0
2015-11-15;00:05:38;-9,86;7,68;6;96;7,08;0;0;0;0;1;0
2015-11-15;00:06:08;-10,27;7,64;6;96;7,04;0;0;0;0;1;0
2015-11-15;00:06:44;-9,96;7,62;6;96;7,02;0;0;0;0;1;0
2015-11-15;00:07:08;-10;7,62;6;96;7,02;0;0;0;0;1;0
2015-11-15;00:07:38;-9,95;7,58;6;96;6,98;0;0;0;0;1;0
2015-11-15;00:08:08;-10,52;7,62;6;96;7,02;0;0;0;0;1;0
2015-11-15;00:08:39;-10,64;7,62;6;95;6,87;0;0;0;0;1;0
2015-11-15;00:09:09;-10,81;7,6;6;95;6,85;0;0;0;0;1;0
2015-11-15;00:09:39;-10,85;7,58;6;95;6,83;0;0;0;0;1;0
2015-11-15;00:10:09;-11,18;7,56;6;95;6,81;0;0;0;0;1;0
2015-11-15;00:10:39;-10,98;7,5;6;95;6,75;0;0;0;0;1;0
2015-11-15;00:11:09;-10,4;7,5;6;95;6,75;0;0;0;0;1;0
2015-11-15;00:11:39;-8,97;7,54;6;95;6,79;0;0;0;0;1;0
2015-11-15;00:12:09;-8,62;7,5;6;95;6,75;0;0;0;0;1;0
2015-11-15;00:12:39;-8,2;7,56;6;95;6,81;0;0;0;0;1;0
2015-11-15;00:13:04;-8,2;7,56;6;95;6,81;0;0;0;0;1;0
2015-11-15;00:13:34;-8,9;7,56;6;95;6,81;0;0;1;0;1;0
2015-11-15;00:14:04;-9,09;7,54;6;95;6,79;0;0;1;0;1;0
2015-11-15;00:14:34;-9,2;7,5;6;95;6,75;0;0;1;0;1;0
2015-11-15;00:15:04;-8,71;7,54;6;95;6,79;0;0;0;0;1;0
2015-11-15;00:15:34;-8,46;7,5;6;95;6,75;0;0;1;0;1;0
2015-11-15;00:16:04;-8,08;7,5;6;95;6,75;0;0;1;0;1;0
2015-11-15;00:16:34;-7,77;7,54;6;95;6,79;0;0;1;0;1;0
2015-11-15;00:17:04;-8,29;7,48;6;95;6,73;0;0;1;0;1;0
2015-11-15;00:17:34;-9,19;7,48;6;95;6,73;0;0;1;0;1;0
2015-11-15;00:18:10;-9,71;7,48;6;95;6,73;0;0;1;0;1;0
2015-11-15;00:18:34;-9,74;7,44;6;95;6,69;0;0;0;0;1;0
2015-11-15;00:19:04;-9,52;7,44;6;95;6,69;0;0;0;0;1;0
2015-11-15;00:19:34;-9,72;7,38;6;95;6,63;0;0;0;0;1;0
2015-11-15;00:20:04;-9,21;7,34;6;95;6,59;0;0;0;0;1;0
2015-11-15;00:20:34;-8,71;7,36;6;95;6,61;0;0;0;0;1;0
2015-11-15;00:21:10;-8,9;7,32;6;95;6,57;0;0;1;0;1;0
2015-11-15;00:21:34;-8,38;7,26;6;95;6,51;0;0;2,1;0;1;0
2015-11-15;00:22:04;-8,33;7,24;6;95;6,49;0;0;2,1;0;1;0
2015-11-15;00:22:34;-8,41;7,24;6;95;6,49;0;0;1;0;1;0
2015-11-15;00:23:04;-8,2;7,22;6;94;6,32;0;0;0;0;1;0
2015-11-15;00:23:34;-8,2;7,2;6;94;6,3;0;0;0;0;1;0
2015-11-15;00:24:04;-7,79;7,24;6;94;6,34;0;0;0;0;1;0
2015-11-15;00:24:40;-7,78;7,32;6;94;6,42;0;0;0;0;1;0
2015-11-15;00:25:04;-7,53;7,28;6;94;6,38;0;0;0;0;1;0
2015-11-15;00:25:34;-7,63;7,34;6;94;6,44;0;0;0;0;1;0
2015-11-15;00:26:04;-7,38;7,38;6;94;6,48;0;0;0;0;1;0
2015-11-15;00:26:34;-7,75;7,36;6;94;6,46;0;0;0;0;1;0
2015-11-15;00:27:04;-7,62;7,32;6;95;6,57;0;0;1;0;1;0
2015-11-15;00:27:34;-7,59;7,34;6;95;6,59;0;0;1;0;1;0
2015-11-15;00:28:04;-7,57;7,28;6;95;6,53;0;0;1;0;1;0
2015-11-15;00:28:34;-7,49;7,28;6;95;6,53;0;0;0;0;1;0
2015-11-15;00:29:10;-7,33;7,34;6;95;6,59;0;0;0;0;1;0
2015-11-15;00:29:34;-7,75;7,34;6;95;6,59;0;0;0;0;1;0
2015-11-15;00:30:10;-7,78;7,32;6;95;6,57;0;0;0;0;1;0
2015-11-15;00:30:34;-7,97;7,28;6;95;6,53;0;0;0;0;1;0
2015-11-15;00:31:04;-8,34;7,26;6;95;6,51;0;0;0;0;1;0
2015-11-15;00:31:34;-7,93;7,28;6;95;6,53;0;0;0;0;1;0
2015-11-15;00:32:04;-7,81;7,28;6;95;6,53;0;0;0;0;1;0
2015-11-15;00:32:40;-7,78;7,22;6;95;6,47;0;0;1;0;1;0
2015-11-15;00:33:10;-7,66;7,2;6;95;6,45;0;0;1;0;1;0
2015-11-15;00:33:34;-7,36;7,2;6;95;6,45;0;0;1;0;1;0
2015-11-15;00:34:04;-7,4;7,2;6;95;6,45;0;0;0;0;1;0
2015-11-15;00:34:34;-7,46;7,2;6;95;6,45;0;0;0;0;1;0
2015-11-15;00:35:10;-7,17;7,24;6;95;6,49;0;0;0;0;1;0
2015-11-15;00:35:34;-7,3;7,26;6;95;6,51;0;0;0;0;1;0
2015-11-15;00:36:04;-7,1;7,26;6;95;6,51;0;0;0;0;1;0
2015-11-15;00:36:34;-7,23;7,28;6;95;6,53;0;0;0;0;1;0
2015-11-15;00:37:04;-6,92;7,32;6;95;6,57;0;0;0;0;1;0
2015-11-15;00:37:34;-6,85;7,34;6;95;6,59;0;0;0;0;1;0
2015-11-15;00:38:04;-6,81;7,34;6;95;6,59;0;0;0;0;1;0
2015-11-15;00:38:34;-7,2;7,32;6;95;6,57;0;0;0;0;1;0
2015-11-15;00:39:10;-7,12;7,32;6;96;6,72;0;0;0;0;1;0
2015-11-15;00:39:34;-7,5;7,32;6;96;6,72;0;0;0;0;1;0
2015-11-15;00:40:04;-7,31;7,28;6;96;6,68;0;0;1;0;1;0
2015-11-15;00:40:34;-6,99;7,28;6;96;6,68;0;0;1;0;1;0
2015-11-15;00:41:04;-6,83;7,28;6;96;6,68;0;0;1;0;1;0
2015-11-15;00:41:34;-6,77;7,24;6;96;6,64;0;0;1;0;1;0
2015-11-15;00:42:04;-7,08;7,2;6;96;6,61;0;0;2,1;0;1;0
2015-11-15;00:42:34;-6,79;7,18;6;96;6,59;0;0;2,1;0;1;0
2015-11-15;00:43:04;-7,06;7,16;6;96;6,57;0;0;2,1;0;1;0
2015-11-15;00:43:34;-6,89;7,12;6;96;6,53;0;0;2,1;0;1;0
2015-11-15;00:44:04;-6,92;7,1;6;96;6,51;0;0;2,1;0;1;0
2015-11-15;00:44:34;-6,69;7,12;6;96;6,53;0;0;1;0;1;0
2015-11-15;00:45:04;-6,29;7,18;6;96;6,59;0;0;0;0;1;0
2015-11-15;00:45:40;-6,12;7,14;6;96;6,55;0;0;0;0;1;0
2015-11-15;00:46:04;-6,13;7,18;6;96;6,59;0;0;0;0;1;0
2015-11-15;00:46:34;-6,26;7,2;6;96;6,61;0;0;0;0;1;0
2015-11-15;00:47:04;-6,43;7,24;6;96;6,64;0;0;0;0;1;0
2015-11-15;00:47:34;-6,4;7,26;6;96;6,66;0;0;0;0;1;0
2015-11-15;00:48:04;-6,56;7,22;6;96;6,62;0;0;1;0;1;0
2015-11-15;00:48:40;-6,49;7,24;6;96;6,64;0;0;2,1;0;1;0
2015-11-15;00:49:04;-6,18;7,2;6;96;6,61;0;0;2,1;0;1;0
2015-11-15;00:49:34;-6,16;7,16;6;96;6,57;0;0;2,1;0;1;0
2015-11-15;00:50:04;-6,98;7,14;6;96;6,55;0;0;2,1;0;1;0
2015-11-15;00:50:34;-4,42;7,1;6;96;6,51;0;0;2,1;0;1;0
2015-11-15;00:51:04;-4,52;7,04;6;96;6,45;0;0;2,1;0;1;0
2015-11-15;00:51:34;-4,2;7,04;6;96;6,45;0;0;1;0;1;0
2015-11-15;00:52:10;-4,64;7,04;6;96;6,45;0;0;1;0;1;0
2015-11-15;00:52:34;-4,48;7,04;6;96;6,45;0;0;0;0;1;0
2015-11-15;00:53:04;-4,34;7,1;6;96;6,51;0;0;0;0;1;0
2015-11-15;00:53:34;-4,82;7,1;6;96;6,51;0;0;0;0;1;0
2015-11-15;00:54:04;-4,6;7,16;6;96;6,57;0;0;0;0;1;0
2015-11-15;00:54:34;-4,68;7,16;6;96;6,57;0;0;0;0;1;0
2015-11-15;00:55:04;-4,61;7,18;5;96;6,59;0;0;0;0;1;0
2015-11-15;00:55:34;-5,1;7,2;5;96;6,61;0;0;0;0;1;0
2015-11-15;00:56:04;-5,38;7,22;5;96;6,62;0;0;0;0;1;0
2015-11-15;00:56:34;-5,59;7,24;5;96;6,64;0;0;0;0;1;0
2015-11-15;00:57:04;-5,56;7,26;5;96;6,66;0;0;0;0;1;0
2015-11-15;00:57:34;-5;7,26;5;96;6,66;0;0;0;0;1;0
2015-11-15;00:58:04;-5,43;7,24;5;96;6,64;0;0;0;0;1;0
2015-11-15;00:58:40;-5,58;7,22;5;96;6,62;0;0;0;0;1;0
2015-11-15;00:59:04;-5,57;7,18;5;96;6,59;0;0;0;0;1;0
2015-11-15;00:59:34;-5,62;7,1;5;96;6,51;0;0;0;0;1;0
2015-11-15;01:00:10;-5,39;7,12;5;96;6,53;3;0;0;50;1;0
2015-11-15;01:00:34;-5,11;7,12;5;96;6,53;9;0;0;50;1;0
2015-11-15;01:01:04;-5,16;7,14;6;96;6,55;9;0;0;50;1;0
2015-11-15;01:01:34;-5,4;7,14;6;96;6,55;8;0;0;50;1;0
2015-11-15;01:02:10;-5,15;7,12;6;96;6,53;9;0;0;50;1;0
2015-11-15;01:02:40;-5,48;7,16;6;96;6,57;8;0;0;50;1;0
2015-11-15;01:03:04;-5,32;7,16;6;96;6,57;8;0;0;50;1;0
2015-11-15;01:03:34;-4,43;7,24;6;96;6,64;8;0;0;50;1;0
2015-11-15;01:04:04;-4,33;7,42;6;96;6,82;8;0;0;50;1;0
2015-11-15;01:04:34;-3,95;7,48;6;96;6,88;8;0;0;50;1;0
2015-11-15;01:05:04;-4,75;7,58;6;97;7,13;8;0;0;50;1;0
2015-11-15;01:05:34;-5,05;7,66;6;97;7,21;12;0;0;50;1;0
2015-11-15;01:06:04;-4,59;7,72;6;97;7,27;12;0;0;50;1;0
2015-11-15;01:06:34;-5,07;7,82;6;97;7,37;11;0;0;50;1;0
2015-11-15;01:07:04;-5,59;7,84;6;98;7,54;11;0;0;50;1;0
2015-11-15;01:07:34;-6,01;7,88;6;98;7,58;10;0;0;50;1;0
2015-11-15;01:08:04;-5,92;7,86;6;98;7,56;10;0;0;50;1;0
2015-11-15;01:08:34;-6;7,86;6;98;7,56;10;0;0;50;1;0
2015-11-15;01:09:04;-5,77;7,88;6;98;7,58;10;0;0;50;1;0
2015-11-15;01:09:34;-6,28;7,86;6;98;7,56;10;0;0;50;1;0
2015-11-15;01:10:04;-5,17;8;6;98;7,7;11;0;0;50;1;0
2015-11-15;01:10:34;-4,81;8,12;6;98;7,82;12;0;0;50;1;0
2015-11-15;01:11:04;-5,55;8,18;6;97;7,73;12;0;0;50;1;0
2015-11-15;01:11:34;-5,4;8,22;6;97;7,77;11;0;0;50;1;0
2015-11-15;01:12:04;-6,19;8,18;6;97;7,73;13;0;0;50;1;0
2015-11-15;01:12:34;-5,14;8,26;6;97;7,81;12;0;0;50;1;0
2015-11-15;01:13:04;-4,53;8,36;6;97;7,91;11;0;0;50;1;0
2015-11-15;01:13:34;-5,05;8,48;6;97;8,03;14;0;0;50;1;0
2015-11-15;01:14:04;-5;8,56;6;97;8,11;13;0;0;50;1;0
2015-11-15;01:14:34;-5,11;8,66;6;97;8,21;12;0;0;50;1;0
2015-11-15;01:15:04;-4,55;8,76;6;96;8,16;12;0;0;50;1;0
2015-11-15;01:15:34;-5,35;8,88;6;96;8,28;12;0;0;50;1;0
2015-11-15;01:16:04;-5,87;8,88;6;96;8,28;11;0;0;50;1;0
2015-11-15;01:16:34;-5,43;8,88;6;96;8,28;11;0;0;50;1;0
2015-11-15;01:17:04;-5,9;8,98;6;97;8,53;10;0;0;50;1;0
2015-11-15;01:17:34;-6,54;8,98;6;97;8,53;10;0;0;50;1;0
2015-11-15;01:18:04;-6,97;8,96;6;97;8,51;10;0;0;50;1;0
2015-11-15;01:18:34;-6,64;9,02;6;97;8,57;9;0;0;50;1;0
2015-11-15;01:19:04;-7,29;9;6;98;8,7;9;0;0;50;1;0
2015-11-15;01:19:34;-6,6;9,04;6;98;8,74;9;0;0;50;1;0
2015-11-15;01:20:04;-7,65;9;6;98;8,7;7;0;0;50;1;0
2015-11-15;01:20:40;-7;9,02;6;98;8,72;0;0;1;0;1;0
2015-11-15;01:21:04;-8;8,98;6;97;8,53;0;0;1;0;1;0
2015-11-15;01:21:34;-7,77;9;6;97;8,55;0;0;1;0;1;0
2015-11-15;01:22:04;-7,87;8,96;6;97;8,51;0;0;0;0;1;0
2015-11-15;01:22:34;-8,78;8,92;6;97;8,47;0;0;0;0;1;0
2015-11-15;01:23:10;-7,97;8,88;6;96;8,28;0;0;0;0;1;0
2015-11-15;01:23:40;-8,09;8,82;6;96;8,22;0;0;0;0;1;0
2015-11-15;01:24:10;-7,84;8,74;6;96;8,14;0;0;1;0;1;0
2015-11-15;01:24:34;-7,73;8,66;6;96;8,06;0;0;1;0;1;0
2015-11-15;01:25:10;-7,67;8,58;6;96;7,98;0;0;1;0;1;0
2015-11-15;01:25:34;-7,72;8,5;6;96;7,9;0;0;0;0;1;0
2015-11-15;01:26:04;-7,12;8,4;6;96;7,8;0;0;1;0;1;0
2015-11-15;01:26:34;-6,76;8,32;6;96;7,72;0;0;1;0;1;0
2015-11-15;01:27:04;-6,74;8,28;6;95;7,53;0;0;1;0;1;0
2015-11-15;01:27:34;-6,74;8,26;6;95;7,51;0;0;0;0;1;0
2015-11-15;01:28:04;-6,2;8,22;6;95;7,47;0;0;0;0;1;0
2015-11-15;01:28:34;-6,02;8,16;6;95;7,41;0;0;0;0;1;0
2015-11-15;01:29:04;-5,36;8,1;6;95;7,35;0;0;0;0;1;0
2015-11-15;01:29:34;-5,06;8,04;6;95;7,29;0;0;0;0;1;0
2015-11-15;01:30:10;-4,54;8,02;6;95;7,27;0;0;0;0;1;0
2015-11-15;01:30:34;-4,14;8,02;6;95;7,27;0;0;0;0;1;0
2015-11-15;01:31:04;-4,17;8;6;95;7,25;0;0;1;0;1;0
2015-11-15;01:31:40;-4,22;7,92;6;95;7,17;0;0;1;0;1;0
2015-11-15;01:32:04;-4,19;7,84;6;95;7,09;0;0;2,1;0;1;0
2015-11-15;01:32:34;-3,33;7,84;6;95;7,09;0;0;2,1;0;1;0
2015-11-15;01:33:04;-3,21;7,82;6;96;7,22;0;0;3,1;0;1;0
2015-11-15;01:33:34;-2,9;7,8;6;96;7,2;0;0;2,1;0;1;0
2015-11-15;01:34:04;-2,73;7,78;6;96;7,18;0;0;1;0;1;0
2015-11-15;01:34:34;-2,2;7,8;6;96;7,2;0;0;0;0;1;0
2015-11-15;01:35:04;-2,27;7,82;6;96;7,22;0;0;0;0;1;0
2015-11-15;01:35:34;-2,27;7,84;6;96;7,24;0;0;0;0;1;0
2015-11-15;01:36:04;-2,27;7,84;6;96;7,24;0;0;0;0;1;0
2015-11-15;01:36:34;-2,14;7,86;6;96;7,26;0;1;0;0;1;0
2015-11-15;01:37:04;-2,09;7,82;6;96;7,22;0;1;1;0;1;0
2015-11-15;01:37:34;-2,16;7,8;6;96;7,2;0;1;1;0;1;0
2015-11-15;01:38:04;-2,05;7,84;6;96;7,24;0;1;1;0;1;0
2015-11-15;01:38:34;-2,24;7,8;6;96;7,2;0;1;0;0;1;0
2015-11-15;01:39:04;-2,04;7,8;6;97;7,35;0;1;0;0;1;0
2015-11-15;01:39:34;-2,17;7,82;6;97;7,37;0;1;0;0;1;0
2015-11-15;01:40:04;-2,09;7,84;6;97;7,39;0;1;0;0;1;0
2015-11-15;01:40:34;-2,84;7,86;6;97;7,41;0;1;0;0;1;0
2015-11-15;01:41:04;-3,23;7,88;6;97;7,43;0;1;0;0;1;0
2015-11-15;01:41:34;-3,59;7,88;6;97;7,43;0;1;0;0;1;0
2015-11-15;01:42:04;-4,13;7,88;6;97;7,43;0;1;0;0;1;0
2015-11-15;01:42:34;-4,5;7,9;6;97;7,45;0;1;0;0;1;0
2015-11-15;01:43:04;-4,37;7,88;6;97;7,43;0;1;0;0;1;0
2015-11-15;01:43:34;-4,22;7,9;6;97;7,45;0;1;0;0;1;0
2015-11-15;01:44:04;-4,55;7,94;6;97;7,49;0;1;0;0;1;0
2015-11-15;01:44:34;-4,4;7,96;6;97;7,51;0;1;0;0;1;0
2015-11-15;01:45:04;-4,66;8,04;6;97;7,59;0;1;0;0;1;0
2015-11-15;01:45:34;-4,86;8,04;6;97;7,59;0;1;0;0;1;0
2015-11-15;01:46:04;-4,97;8;6;97;7,55;0;1;0;0;1;0
2015-11-15;01:46:34;-4,84;7,96;6;97;7,51;0;1;0;0;1;0
2015-11-15;01:47:04;-4,58;7,92;6;97;7,47;0;1;0;0;1;0
2015-11-15;01:47:34;-4,36;7,96;6;97;7,51;0;0;0;0;1;0
2015-11-15;01:48:04;-4,4;7,96;6;97;7,51;0;0;0;0;1;0
2015-11-15;01:48:34;-4,09;8;6;97;7,55;0;0;0;0;1;0
2015-11-15;01:49:10;-4,13;8;6;97;7,55;0;0;0;0;1;0
2015-11-15;01:49:34;-3,99;8;6;97;7,55;0;0;0;0;1;0
2015-11-15;01:50:04;-3,79;8;6;97;7,55;0;0;0;0;1;0
2015-11-15;01:50:40;-3,6;8,04;6;97;7,59;0;0;0;0;1;0
2015-11-15;01:51:04;-3,68;8,04;6;97;7,59;0;0;0;0;1;0
2015-11-15;01:51:34;-3,68;8,04;6;97;7,59;0;0;0;0;1;0
2015-11-15;01:52:10;-3,57;8,06;6;97;7,61;0;0;0;0;1;0
2015-11-15;01:52:34;-3,42;8,1;6;97;7,65;0;0;0;0;1;0
2015-11-15;01:53:04;-3,15;8,12;6;97;7,67;0;0;0;0;1;0
2015-11-15;01:53:34;-3,08;8,16;6;97;7,71;0;0;0;0;1;0
2015-11-15;01:54:04;-3,32;8,16;6;97;7,71;0;0;0;0;1;0
2015-11-15;01:54:34;-3;8,22;6;97;7,77;0;0;0;0;1;0
2015-11-15;01:55:04;-2,97;8,24;6;98;7,94;0;0;0;0;1;0
2015-11-15;01:55:34;-2,58;8,26;6;98;7,96;0;0;0;0;1;0
2015-11-15;01:56:04;-2,68;8,32;6;98;8,02;0;0;0;0;1;0
2015-11-15;01:56:34;-2,38;8,34;6;98;8,04;0;0;0;0;1;0
2015-11-15;01:57:04;-2,27;8,36;6;98;8,06;0;0;0;0;1;0
2015-11-15;01:57:34;-2,33;8,42;6;98;8,12;0;0;0;0;1;0
2015-11-15;01:58:04;-2,56;8,44;6;98;8,14;0;0;0;0;1;0
2015-11-15;01:58:34;-2,32;8,5;6;98;8,2;0;0;0;0;1;0
2015-11-15;01:59:04;-2,21;8,54;6;98;8,24;0;0;0;0;1;0
2015-11-15;01:59:40;-2,15;8,6;6;98;8,3;0;0;0;0;1;0
2015-11-15;02:00:04;-2,36;8,62;6;98;8,32;0;0;0;0;1;0
2015-11-15;02:00:34;-2,53;8,66;6;98;8,36;0;0;0;0;1;0
2015-11-15;02:01:04;-2,51;8,7;6;98;8,4;0;0;0;0;1;0
2015-11-15;02:01:34;-2,75;8,78;6;98;8,48;0;0;0;0;1;0
2015-11-15;02:02:04;-2,88;8,8;6;98;8,5;0;0;0;0;1;0
2015-11-15;02:02:34;-2,73;8,82;6;98;8,52;0;0;0;0;1;0
2015-11-15;02:03:04;-2,55;8,84;6;98;8,54;0;0;0;0;1;0
2015-11-15;02:03:40;-2,73;8,84;6;98;8,54;0;0;0;0;1;0
2015-11-15;02:04:04;-2,62;8,86;6;98;8,56;0;0;0;0;1;0
2015-11-15;02:04:34;-2,48;8,86;6;98;8,56;0;0;0;0;1;0
2015-11-15;02:05:04;-2,56;8,86;6;99;8,71;0;0;0;0;1;0
2015-11-15;02:05:34;-2,44;8,86;6;99;8,71;0;0;0;0;1;0
2015-11-15;02:06:04;-2,64;8,92;6;99;8,77;0;0;0;0;1;0
2015-11-15;02:06:34;-2,43;8,94;6;99;8,79;0;0;0;0;1;0
2015-11-15;02:07:04;-2,47;8,96;6;98;8,66;0;0;0;0;1;0
2015-11-15;02:07:34;-2,24;8,98;6;98;8,68;0;0;0;0;1;0
2015-11-15;02:08:10;-2,24;8,98;6;98;8,68;0;0;0;0;1;0
2015-11-15;02:08:34;-2,13;9;6;98;8,7;0;0;0;0;1;0
2015-11-15;02:09:04;-1,98;8,98;6;99;8,83;0;0;0;0;1;0
2015-11-15;02:09:34;-2,26;9,02;6;99;8,87;0;0;0;0;1;0
2015-11-15;02:10:10;-2,63;8,96;6;99;8,81;0;0;0;0;1;0
2015-11-15;02:10:34;-2,11;9;6;99;8,85;0;0;0;0;1;0
2015-11-15;02:11:04;-1,81;8,96;6;98;8,66;0;0;0;0;1;0
2015-11-15;02:11:34;-1,63;8,96;6;98;8,66;0;0;0;0;1;0
2015-11-15;02:12:10;-1,52;8,98;6;98;8,68;0;0;0;0;1;0
2015-11-15;02:12:34;-1,41;9;6;98;8,7;0;0;0;0;1;0
2015-11-15;02:13:04;-1,23;9;7;98;8,7;0;0;0;0;1;0
2015-11-15;02:13:34;-1,2;9,04;7;98;8,74;0;0;0;0;1;0
2015-11-15;02:14:10;-1,42;9,04;7;98;8,74;0;0;0;0;1;0
2015-11-15;02:14:34;-1,48;9,08;7;98;8,78;0;0;0;0;1;0
2015-11-15;02:15:04;-1,67;9,06;7;98;8,76;0;0;0;0;1;0
2015-11-15;02:15:34;-1,73;9,06;7;98;8,76;0;0;0;0;1;0
2015-11-15;02:16:04;-2,31;9,06;7;98;8,76;0;0;0;0;1;0
2015-11-15;02:16:34;-2,16;9,08;7;98;8,78;0;0;0;0;1;0
2015-11-15;02:17:04;-2,62;9,04;7;98;8,74;0;0;0;0;1;0
2015-11-15;02:17:34;-2,34;9,04;7;98;8,74;0;0;0;0;1;0
2015-11-15;02:18:04;-2,71;9;7;98;8,7;0;0;0;0;1;0
2015-11-15;02:18:34;-2,58;9,02;7;98;8,72;0;0;0;0;1;0
2015-11-15;02:19:10;-2,25;9;7;98;8,7;0;0;0;0;1;0
2015-11-15;02:19:40;-2,33;9;7;98;8,7;0;0;0;0;1;0
2015-11-15;02:20:04;-2,37;9;7;98;8,7;0;0;0;0;1;0
2015-11-15;02:20:40;-2,62;8,92;7;98;8,62;0;0;0;0;1;0
2015-11-15;02:21:04;-2,42;8,92;7;98;8,62;0;0;0;0;1;0
2015-11-15;02:21:34;-2,67;8,88;7;98;8,58;0;0;0;0;1;0
2015-11-15;02:22:04;-2,64;8,92;7;98;8,62;0;0;0;0;1;0
2015-11-15;02:22:40;-2,46;8,92;7;98;8,62;0;0;0;0;1;0
2015-11-15;02:23:04;-2,72;8,92;7;97;8,47;0;0;0;0;1;0
2015-11-15;02:23:34;-1,86;8,86;7;97;8,41;0;0;0;0;1;0
2015-11-15;02:24:04;-1,57;8,88;7;97;8,43;0;0;0;0;1;0
2015-11-15;02:24:34;-1,21;8,88;7;97;8,43;0;0;0;0;1;0
2015-11-15;02:25:04;-1,03;8,88;7;97;8,43;0;0;0;0;1;0
2015-11-15;02:25:34;-1,21;8,88;7;97;8,43;0;0;0;0;1;0
2015-11-15;02:26:04;-1,89;8,84;7;97;8,39;0;0;0;0;1;0
2015-11-15;02:26:34;-1,25;8,78;7;97;8,33;0;0;0;0;1;0
2015-11-15;02:27:10;-1,03;8,78;7;97;8,33;0;0;0;0;1;0
2015-11-15;02:27:34;-0,91;8,76;7;97;8,31;0;0;0;0;1;0
2015-11-15;02:28:10;-1,07;8,76;7;97;8,31;0;0;0;0;1;0
2015-11-15;02:28:34;-0,74;8,74;7;97;8,29;0;0;0;0;1;0
2015-11-15;02:29:04;-0,4;8,74;7;97;8,29;0;0;0;0;1;0
2015-11-15;02:29:34;-0,68;8,74;7;97;8,29;0;0;0;0;1;0
2015-11-15;02:30:04;-0,39;8,76;7;97;8,31;0;0;0;0;1;0
2015-11-15;02:30:34;-0,53;8,78;7;97;8,33;0;0;0;0;1;0
2015-11-15;02:31:04;-0,21;8,82;7;97;8,37;0;0;0;0;1;0
2015-11-15;02:31:40;-0,3;8,86;7;97;8,41;0;0;0;0;1;0
2015-11-15;02:32:04;-0,38;8,86;7;97;8,41;0;0;0;0;1;0
2015-11-15;02:32:34;-0,53;8,88;7;97;8,43;0;0;0;0;1;0
2015-11-15;02:33:04;-0,71;8,84;7;97;8,39;0;0;0;0;1;0
2015-11-15;02:33:40;-0,43;8,82;7;97;8,37;0;0;0;0;1;0
2015-11-15;02:34:04;-0,24;8,8;7;97;8,35;0;0;0;0;1;0
2015-11-15;02:34:34;-0,31;8,76;7;97;8,31;0;0;0;0;1;0
2015-11-15;02:35:04;-0,55;8,82;7;97;8,37;0;0;0;0;1;0
2015-11-15;02:35:34;-0,25;8,82;7;97;8,37;0;0;0;0;1;0
2015-11-15;02:36:04;-0,29;8,84;7;97;8,39;0;0;0;0;1;0
2015-11-15;02:36:34;-0,48;8,86;7;97;8,41;0;0;0;0;1;0
2015-11-15;02:37:04;-0,61;8,88;7;97;8,43;0;0;0;0;1;0
2015-11-15;02:37:34;-0,36;8,92;7;97;8,47;0;0;0;0;1;0
2015-11-15;02:38:04;-0,31;8,88;7;97;8,43;1;0;1;50;1;0
2015-11-15;02:38:40;-0,36;8,92;7;97;8,47;1;0;1;50;1;0
2015-11-15;02:39:04;-0,58;8,92;7;97;8,47;0;0;1;0;1;0
2015-11-15;02:39:34;-0,79;8,94;7;97;8,49;0;0;0;0;1;0
2015-11-15;02:40:10;-0,51;8,94;7;97;8,49;0;0;0;0;1;0
2015-11-15;02:40:34;-0,33;8,94;7;97;8,49;0;0;0;0;1;0
2015-11-15;02:41:10;-0,29;8,94;7;97;8,49;0;0;0;0;1;0
2015-11-15;02:41:34;-0,47;8,94;7;97;8,49;0;0;0;0;1;0
2015-11-15;02:42:10;-0,41;8,96;7;97;8,51;0;0;0;0;1;0
2015-11-15;02:42:34;-0,18;8,98;7;97;8,53;0;0;0;0;1;0
2015-11-15;02:43:10;-0,26;8,98;7;98;8,68;0;0;0;0;1;0
2015-11-15;02:43:34;-0,23;9;7;98;8,7;0;0;0;0;1;0
2015-11-15;02:44:04;-0,15;8,96;7;98;8,66;0;0;0;0;1;0
2015-11-15;02:44:34;-0,15;8,96;7;98;8,66;0;0;0;0;1;0
2015-11-15;02:45:04;-0,18;8,98;7;97;8,53;0;0;0;0;1;0
2015-11-15;02:45:34;-0,02;8,92;7;97;8,47;0;0;0;0;1;0
2015-11-15;02:46:10;0,09;8,96;7;97;8,51;0;0;0;0;1;0
2015-11-15;02:46:34;-0,18;8,98;7;97;8,53;0;0;0;0;1;0
2015-11-15;02:47:10;-0,07;8,94;7;98;8,64;0;0;0;0;1;0
2015-11-15;02:47:34;-0,17;8,96;7;98;8,66;0;0;0;0;1;0
2015-11-15;02:48:04;0,13;8,96;7;98;8,66;0;0;0;0;1;0
2015-11-15;02:48:34;0;8,98;7;98;8,68;0;0;0;0;1;0
2015-11-15;02:49:04;-0,24;9,02;7;97;8,57;0;0;0;0;1;0
2015-11-15;02:49:40;-0,46;8,98;7;97;8,53;0;0;0;0;1;0
2015-11-15;02:50:04;-0,08;8,98;7;97;8,53;0;0;0;0;1;0
2015-11-15;02:50:40;-0,05;9;7;97;8,55;0;0;0;0;1;0
2015-11-15;02:51:04;-0,49;9;7;97;8,55;0;0;0;0;1;0
2015-11-15;02:51:40;-0,15;8,94;7;97;8,49;0;0;0;0;1;0
2015-11-15;02:52:04;0,09;8,94;7;97;8,49;0;0;0;0;1;0
2015-11-15;02:52:34;-0,09;8,88;7;97;8,43;0;0;0;0;1;0
2015-11-15;02:53:04;0;8,86;7;97;8,41;0;0;0;0;1;0
2015-11-15;02:53:34;0,25;8,88;7;97;8,43;0;0;0;0;1;0
2015-11-15;02:54:04;-0,11;8,84;7;97;8,39;0;0;0;0;1;0
2015-11-15;02:54:34;0,18;8,92;7;97;8,47;0;0;0;0;1;0
2015-11-15;02:55:10;0,32;8,92;7;97;8,47;0;0;0;0;1;0
2015-11-15;02:55:40;0,44;8,92;7;97;8,47;0;0;0;0;1;0
2015-11-15;02:56:10;0,09;8,94;7;97;8,49;0;0;0;0;1;0
2015-11-15;02:56:40;0,27;8,94;7;97;8,49;0;0;0;0;1;0
2015-11-15;02:57:04;0,27;8,96;7;97;8,51;0;0;0;0;1;0
2015-11-15;02:57:34;0,23;8,96;7;97;8,51;0;0;0;0;1;0
2015-11-15;02:58:04;0,53;8,96;7;97;8,51;0;0;0;0;1;0
2015-11-15;02:58:34;0,26;8,98;7;97;8,53;0;0;0;0;1;0
2015-11-15;02:59:10;0,23;8,96;7;97;8,51;0;0;0;0;1;0
2015-11-15;02:59:34;0,34;8,98;7;97;8,53;0;0;0;0;1;0
2015-11-15;03:00:04;0,08;8,98;7;97;8,53;0;0;0;0;1;0
2015-11-15;03:00:40;0,23;8,96;7;97;8,51;0;0;0;0;1;0
2015-11-15;03:01:10;0,29;9;7;97;8,55;0;0;0;0;1;0
2015-11-15;03:01:34;0,05;8,96;7;97;8,51;0;0;0;0;1;0
2015-11-15;03:02:04;-0,04;8,98;7;97;8,53;0;0;0;0;1;0
2015-11-15;03:02:40;0,43;8,96;7;97;8,51;0;0;0;0;1;0
2015-11-15;03:03:04;0,13;8,96;7;97;8,51;0;0;0;0;1;0
2015-11-15;03:03:40;0,17;8,94;7;97;8,49;0;0;0;0;1;0
2015-11-15;03:04:04;0,27;8,94;7;97;8,49;1;0;0;50;1;0
2015-11-15;03:04:34;0,27;8,94;7;97;8,49;0;0;0;0;1;0
2015-11-15;03:05:04;0,18;8,92;7;97;8,47;0;0;0;0;1;0
2015-11-15;03:05:34;0,31;8,96;7;97;8,51;0;0;0;0;1;0
2015-11-15;03:06:04;0,11;8,88;7;97;8,43;2;0;0;50;1;0
2015-11-15;03:06:34;0,22;8,86;7;97;8,41;4;0;0;50;1;0
2015-11-15;03:07:04;0,2;8,86;7;97;8,41;3;0;0;50;1;0
2015-11-15;03:07:34;0,19;8,88;7;97;8,43;3;0;0;50;1;0
2015-11-15;03:08:04;-0,23;8,88;7;97;8,43;2;0;1;50;1;0
2015-11-15;03:08:34;0,04;8,86;7;97;8,41;2;0;2,1;50;1;0
2015-11-15;03:09:04;-0,55;8,82;7;98;8,52;2;0;3,1;50;1;0
2015-11-15;03:09:34;-0,4;8,8;7;98;8,5;2;0;3,1;50;1;0
2015-11-15;03:10:04;-0,45;8,78;7;98;8,48;2;0;3,1;50;1;0
2015-11-15;03:10:34;-0,58;8,8;7;98;8,5;1;0;3,1;50;1;0
2015-11-15;03:11:05;-0,76;8,8;7;98;8,5;2;0;3,1;50;1;0
2015-11-15;03:11:35;-0,54;8,8;7;98;8,5;1;0;2,1;50;1;0
2015-11-15;03:12:05;-0,86;8,86;7;98;8,56;1;0;2,1;50;1;0
2015-11-15;03:12:35;-0,98;8,86;7;98;8,56;1;0;2,1;50;1;0
2015-11-15;03:13:05;-0,81;8,84;7;97;8,39;1;0;3,1;50;1;0
2015-11-15;03:13:35;-0,91;8,88;7;97;8,43;1;0;3,1;50;1;0
2015-11-15;03:14:05;-0,89;8,96;7;97;8,51;1;0;2,1;50;1;0
2015-11-15;03:14:35;-1,05;8,96;7;97;8,51;2;0;2,1;50;1;0
2015-11-15;03:15:05;-0,9;8,98;7;97;8,53;2;0;2,1;50;1;0
2015-11-15;03:15:35;-0,7;9,04;7;97;8,59;2;0;3,1;50;1;0
2015-11-15;03:16:05;-1,08;9,02;7;97;8,57;2;0;3,1;50;1;0
2015-11-15;03:16:35;-0,85;9,06;7;97;8,61;2;0;3,1;50;1;0
2015-11-15;03:17:12;-0,62;9,14;7;96;8,54;3;0;2,1;50;1;0
2015-11-15;03:17:36;-0,83;9,18;7;96;8,58;3;0;1;50;1;0
2015-11-15;03:18:06;-0,98;9,22;7;96;8,62;3;0;1;50;1;0
2015-11-15;03:18:36;-0,55;9,24;7;96;8,64;7;0;1;50;1;0
2015-11-15;03:19:06;-0,93;9,3;7;96;8,69;6;0;1;50;1;0
2015-11-15;03:19:36;-1,47;9,3;7;96;8,69;6;0;0;50;1;0
2015-11-15;03:20:06;-0,9;9,38;7;96;8,77;4;0;0;50;1;0
2015-11-15;03:20:36;-0,96;9,4;7;96;8,79;4;0;0;50;1;0
2015-11-15;03:21:06;-0,72;9,46;7;97;9,01;4;0;0;50;1;0
2015-11-15;03:21:36;-1,27;9,48;7;97;9,03;5;0;1;50;1;0
2015-11-15;03:22:06;-1,16;9,5;7;97;9,05;2;0;1;50;1;0
2015-11-15;03:22:36;-1,13;9,52;7;97;9,07;1;0;1;50;1;0
2015-11-15;03:23:06;-1,21;9,54;7;97;9,09;1;0;0;50;1;0
2015-11-15;03:23:37;-1,44;9,56;7;97;9,11;0;0;0;0;1;0
2015-11-15;03:24:12;-1,33;9,54;7;97;9,09;0;0;0;0;1;0
2015-11-15;03:24:36;-1,3;9,56;7;97;9,11;0;0;0;0;1;0
2015-11-15;03:25:07;-1,48;9,56;7;97;9,11;1;0;1;50;1;0
2015-11-15;03:25:37;-1,43;9,52;7;97;9,07;1;0;1;50;1;0
2015-11-15;03:26:07;-1,41;9,52;7;97;9,07;1;0;1;50;1;0
2015-11-15;03:26:37;-1,16;9,5;7;97;9,05;1;0;1;50;1;0
2015-11-15;03:27:07;-1,02;9,46;7;96;8,85;0;0;2,1;0;1;0
2015-11-15;03:27:37;-1,32;9,4;7;96;8,79;1;0;3,1;50;1;0
2015-11-15;03:28:07;-1,6;9,34;7;96;8,73;1;0;3,1;50;1;0
2015-11-15;03:28:37;-1,25;9,3;7;96;8,69;1;0;3,1;50;1;0
2015-11-15;03:29:07;-1,22;9,2;7;96;8,6;1;0;3,1;50;1;0
2015-11-15;03:29:43;-1,21;9,18;7;96;8,58;0;0;3,1;0;1;0
2015-11-15;03:30:07;-1,08;9,16;7;96;8,56;1;0;3,1;50;1;0
2015-11-15;03:30:37;-1,18;9,08;7;96;8,48;1;0;3,1;50;1;0
2015-11-15;03:31:08;-1,33;9;7;94;8,09;2;0;3,1;50;1;0
2015-11-15;03:31:38;-1,09;8,96;7;94;8,05;1;0;3,1;50;1;0
2015-11-15;03:32:08;-0,98;8,98;7;94;8,07;1;0;2,1;50;1;0
2015-11-15;03:32:38;-1,05;8,96;7;94;8,05;1;0;2,1;50;1;0
2015-11-15;03:33:08;-0,97;8,96;7;94;8,05;1;0;2,1;50;1;0
2015-11-15;03:33:38;-0,89;8,96;7;94;8,05;1;0;3,1;50;1;0
2015-11-15;03:34:08;-0,95;9;7;94;8,09;1;0;3,1;50;1;0
2015-11-15;03:34:38;-0,54;9,04;7;94;8,13;0;0;3,1;0;1;0
2015-11-15;03:35:08;-0,64;9,08;6;95;8,32;0;0;2,1;0;1;0
2015-11-15;03:35:38;-0,98;9,08;6;95;8,32;0;0;1;0;1;0
2015-11-15;03:36:14;-0,8;9,1;6;95;8,34;0;0;0;0;1;0
2015-11-15;03:36:38;-0,83;9,06;6;95;8,3;0;0;1;0;1;0
2015-11-15;03:37:08;-0,94;9,08;6;95;8,32;0;0;1;0;1;0
2015-11-15;03:37:38;-0,98;9,08;6;95;8,32;0;0;1;0;1;0
2015-11-15;03:38:08;-0,4;9,14;6;95;8,38;0;0;0;0;1;0
2015-11-15;03:38:45;-0,8;9,1;6;95;8,34;0;0;0;0;1;0
2015-11-15;03:39:09;-0,6;9,1;6;95;8,34;0;0;0;0;1;0
2015-11-15;03:39:39;-0,98;9,1;6;95;8,34;0;0;0;0;1;0
2015-11-15;03:40:15;-0,84;9,04;6;95;8,28;0;0;0;0;1;0
2015-11-15;03:40:45;-0,68;9,08;6;95;8,32;0;0;0;0;1;0
2015-11-15;03:41:09;-0,48;9,04;6;95;8,28;0;0;0;0;1;0
2015-11-15;03:41:34;-0,48;9,04;6;95;8,28;0;0;0;0;1;0
2015-11-15;03:42:10;-0,55;9,06;6;95;8,3;0;0;0;0;1;0
2015-11-15;03:42:40;-1,03;9;6;95;8,24;0;0;0;0;1;0
2015-11-15;03:43:10;-1,02;8,86;6;95;8,1;0;0;0;0;1;0
2015-11-15;03:43:34;-0,53;8,88;6;96;8,28;0;0;0;0;1;0
2015-11-15;03:44:04;-0,88;8,8;6;96;8,2;0;0;0;0;1;0
2015-11-15;03:44:40;-1,23;8,7;6;96;8,1;0;0;1;0;1;0
2015-11-15;03:45:10;-0,68;8,62;6;96;8,02;0;0;1;0;1;0
2015-11-15;03:45:34;-1,13;8,54;6;95;7,78;0;0;2,1;0;1;0
2015-11-15;03:46:04;-0,8;8,44;6;95;7,69;0;0;2,1;0;1;0
2015-11-15;03:46:34;-0,9;8,38;6;95;7,63;0;0;3,1;0;1;0
2015-11-15;03:47:04;-1,02;8,32;6;95;7,57;0;0;3,1;0;1;0
2015-11-15;03:47:34;-0,82;8,26;6;95;7,51;0;0;2,1;0;1;0
2015-11-15;03:48:04;-1,29;8,18;6;95;7,43;0;0;1;0;1;0
2015-11-15;03:48:34;-1,12;8,14;6;95;7,39;0;0;0;0;1;0
2015-11-15;03:49:04;-0,94;8,08;6;95;7,33;0;0;0;0;1;0
2015-11-15;03:49:34;-0,97;8,06;6;94;7,15;0;0;0;0;1;0
2015-11-15;03:50:04;-0,99;8;6;94;7,09;0;0;1;0;1;0
2015-11-15;03:50:34;-0,89;8;6;94;7,09;0;0;1;0;1;0
2015-11-15;03:51:04;-0,5;8,02;6;94;7,11;0;0;1;0;1;0
2015-11-15;03:51:34;-0,89;8;6;95;7,25;0;0;0;0;1;0
2015-11-15;03:52:04;-0,58;8,04;6;95;7,29;0;0;0;0;1;0
2015-11-15;03:52:34;-0,62;8,02;6;95;7,27;0;0;0;0;1;0
2015-11-15;03:53:04;-0,63;8,06;6;95;7,31;0;0;0;0;1;0
2015-11-15;03:53:34;-1,09;8,06;6;95;7,31;0;0;0;0;1;0
2015-11-15;03:54:04;-1,04;8,02;6;95;7,27;0;0;0;0;1;0
2015-11-15;03:54:34;-0,73;8;6;95;7,25;0;0;0;0;1;0
2015-11-15;03:55:04;-0,52;7,96;6;95;7,21;0;0;0;0;1;0
2015-11-15;03:55:34;-0,74;7,92;6;96;7,32;0;0;0;0;1;0
2015-11-15;03:56:10;-0,88;7,92;6;96;7,32;0;0;0;0;1;0
2015-11-15;03:56:34;-0,94;7,96;6;96;7,36;0;0;0;0;1;0
2015-11-15;03:57:04;-1,01;7,94;6;96;7,34;0;0;1;0;1;0
2015-11-15;03:57:34;-0,88;7,9;6;96;7,3;0;0;1;0;1;0
2015-11-15;03:58:10;-0,85;7,84;6;96;7,24;0;0;1;0;1;0
2015-11-15;03:58:40;-0,84;7,86;6;96;7,26;0;0;0;0;1;0
2015-11-15;03:59:04;-1,09;7,82;6;96;7,22;0;0;0;0;1;0
2015-11-15;03:59:34;-1,11;7,78;6;96;7,18;0;0;1;0;1;0
2015-11-15;04:00:04;-0,95;7,78;6;96;7,18;0;0;2,1;0;1;0
2015-11-15;04:00:34;-1,06;7,74;6;96;7,14;2;0;3,1;50;1;0
2015-11-15;04:01:04;-0,97;7,7;6;96;7,1;2;0;2,1;50;1;0
2015-11-15;04:01:34;-0,95;7,66;6;96;7,06;2;0;1;50;1;0
2015-11-15;04:02:04;-0,8;7,68;6;96;7,08;3;0;0;50;1;0
2015-11-15;04:02:34;-0,97;7,7;6;96;7,1;3;0;0;50;1;0
2015-11-15;04:03:10;-0,34;7,74;6;96;7,14;3;0;0;50;1;0
2015-11-15;04:03:34;-1,05;7,82;6;96;7,22;3;0;0;50;1;0
2015-11-15;04:04:10;-1,14;7,86;6;96;7,26;3;0;0;50;1;0
2015-11-15;04:04:34;-1,31;7,94;6;96;7,34;2;0;0;50;1;0
2015-11-15;04:05:04;-1,08;8,04;6;96;7,44;3;0;0;50;1;0
2015-11-15;04:05:34;-0,75;8,18;6;97;7,73;3;0;0;50;1;0
2015-11-15;04:06:04;-1,22;8,34;6;97;7,89;3;0;0;50;1;0
2015-11-15;04:06:40;-0,68;8,44;6;97;7,99;3;0;0;50;1;0
2015-11-15;04:07:10;-0,87;8,54;6;97;8,09;2;0;0;50;1;0
2015-11-15;04:07:34;-0,55;8,6;6;98;8,3;3;0;0;50;1;0
2015-11-15;04:08:04;-1,1;8,74;6;98;8,44;3;0;0;50;1;0
2015-11-15;04:08:34;-0,85;8,82;6;98;8,52;3;0;0;50;1;0
2015-11-15;04:09:04;-0,99;8,88;6;98;8,58;3;0;0;50;1;0
2015-11-15;04:09:34;-1,71;8,88;6;98;8,58;6;0;0;50;1;0
2015-11-15;04:10:04;-1,16;8,92;6;98;8,62;5;0;0;50;1;0
2015-11-15;04:10:34;-0,21;8,94;6;98;8,64;5;0;0;50;1;0
2015-11-15;04:11:04;-1,5;9,02;6;98;8,72;4;0;0;50;1;0
2015-11-15;04:11:34;-1,2;9,04;6;98;8,74;4;0;0;50;1;0
2015-11-15;04:12:04;-0,96;9,16;6;98;8,86;4;0;0;50;1;0
2015-11-15;04:12:34;-0,99;9,24;6;98;8,94;3;0;0;50;1;0
2015-11-15;04:13:04;-0,92;9,32;6;98;9,02;3;0;0;50;1;0
2015-11-15;04:13:34;-1,67;9,42;6;97;8,97;2;0;0;50;1;0
2015-11-15;04:14:04;-1,27;9,48;6;97;9,03;3;0;0;50;1;0
2015-11-15;04:14:34;-1,17;9,52;6;97;9,07;3;0;0;50;1;0
2015-11-15;04:15:04;-1,62;9,62;6;97;9,17;2;0;0;50;1;0
2015-11-15;04:15:34;-1,4;9,74;7;98;9,44;2;0;0;50;1;0
2015-11-15;04:16:04;-1,87;9,76;7;98;9,46;2;0;0;50;1;0
2015-11-15;04:16:34;-1,32;9,86;7;98;9,56;3;0;0;50;1;0
2015-11-15;04:17:04;-1,64;9,92;7;98;9,62;2;0;0;50;1;0
2015-11-15;04:17:40;-2,36;9,96;7;98;9,66;2;0;0;50;1;0
2015-11-15;04:18:04;-2,06;9,92;7;98;9,62;2;0;0;50;1;0
2015-11-15;04:18:34;-1,89;9,94;7;98;9,64;3;0;0;50;1;0
2015-11-15;04:19:10;-1,7;9,96;7;98;9,66;3;0;0;50;1;0
2015-11-15;04:19:34;-1,65;9,94;7;98;9,64;2;0;0;50;1;0
2015-11-15;04:20:04;-2,35;9,84;7;98;9,54;2;0;0;50;1;0
2015-11-15;04:20:34;-1,69;9,82;7;98;9,52;2;0;0;50;1;0
2015-11-15;04:21:04;-2,57;9,72;7;98;9,42;2;0;0;50;1;0
2015-11-15;04:21:34;-2,21;9,66;7;98;9,36;3;0;0;50;1;0
2015-11-15;04:22:04;-2,22;9,56;7;98;9,26;2;0;1;50;1;0
2015-11-15;04:22:34;-2,31;9,52;7;98;9,22;2;0;1;50;1;0
2015-11-15;04:23:04;-1,9;9,56;7;98;9,26;3;0;1;50;1;0
2015-11-15;04:23:34;-2,01;9,64;7;96;9,03;3;0;0;50;1;0
2015-11-15;04:24:04;-2,06;9,68;7;96;9,07;6;0;0;50;1;0
2015-11-15;04:24:34;-2,35;9,72;7;96;9,11;8;0;0;50;1;0
2015-11-15;04:25:04;-2;9,74;7;96;9,13;8;0;0;50;1;0
2015-11-15;04:25:34;-2,29;9,76;7;96;9,15;7;0;0;50;1;0
2015-11-15;04:26:04;-2,55;9,78;7;96;9,17;5;0;0;50;1;0
2015-11-15;04:26:34;-3,01;9,88;7;96;9,27;8;0;0;50;1;0
2015-11-15;04:27:10;-3,61;9,9;7;96;9,29;9;0;0;50;1;0
2015-11-15;04:27:34;-3,36;9,96;7;96;9,35;10;0;0;50;1;0
2015-11-15;04:28:10;-3,21;10;7;96;9,39;10;0;0;50;1;0
2015-11-15;04:28:40;-2,68;10,04;7;96;9,43;10;0;0;50;1;0
2015-11-15;04:29:10;-2,83;10;7;96;9,39;12;0;0;50;1;0
2015-11-15;04:29:40;-2,16;10,08;7;96;9,47;15;0;0;50;1;0
2015-11-15;04:30:10;-2,61;10,06;7;96;9,45;15;0;0;50;1;0
2015-11-15;04:30:40;-2,28;10,1;7;96;9,49;15;0;0;50;1;0
2015-11-15;04:31:04;-2,95;10,12;7;96;9,51;16;0;0;50;1;0
2015-11-15;04:31:40;-2,74;10,08;7;96;9,47;15;0;0;50;1;0
2015-11-15;04:32:10;-2,22;10,16;7;96;9,55;15;0;0;50;1;0
2015-11-15;04:32:40;-2,27;10,18;7;96;9,57;13;0;0;50;1;0
2015-11-15;04:33:10;-2,38;10,28;7;96;9,67;11;0;0;50;1;0
2015-11-15;04:33:40;-2,1;10,28;7;95;9,51;12;0;0;50;1;0
2015-11-15;04:34:10;-2,77;10,3;7;95;9,53;11;0;0;50;1;0
2015-11-15;04:34:40;-2,35;10,3;7;95;9,53;12;0;0;50;1;0
2015-11-15;04:35:10;-1,97;10,3;7;95;9,53;11;0;0;50;1;0
2015-11-15;04:35:34;-1,99;10,36;7;96;9,75;9;0;0;50;1;0
2015-11-15;04:36:04;-2,04;10,38;7;96;9,77;7;0;0;50;1;0
2015-11-15;04:36:34;-2,07;10,46;7;96;9,85;6;0;0;50;1;0
2015-11-15;04:37:04;-2,08;10,5;7;96;9,89;6;0;0;50;1;0
2015-11-15;04:37:34;-2,17;10,52;7;95;9,75;5;0;0;50;1;0
2015-11-15;04:38:04;-2,1;10,56;7;95;9,79;5;0;0;50;1;0
2015-11-15;04:38:34;-1,99;10,58;7;95;9,81;5;0;0;50;1;0
2015-11-15;04:39:04;-2,01;10,64;7;95;9,87;5;0;0;50;1;0
2015-11-15;04:39:34;-2,02;10,68;7;95;9,91;4;0;0;50;1;0
2015-11-15;04:40:04;-2,33;10,72;7;95;9,95;3;0;0;50;1;0
2015-11-15;04:40:34;-2,29;10,72;7;95;9,95;2;0;0;50;1;0
2015-11-15;04:41:04;-2,16;10,74;7;95;9,97;2;0;0;50;1;0
2015-11-15;04:41:34;-3,12;10,74;7;95;9,97;1;0;0;50;1;0
2015-11-15;04:42:04;-2,83;10,72;7;95;9,95;1;0;0;50;1;0
2015-11-15;04:42:34;-2,11;10,72;7;95;9,95;0;0;0;0;1;0
2015-11-15;04:43:04;-2,22;10,68;7;95;9,91;0;0;0;0;1;0
2015-11-15;04:43:34;-2,94;10,68;7;95;9,91;0;0;0;0;1;0
2015-11-15;04:44:04;-2,73;10,64;7;95;9,87;0;0;0;0;1;0
2015-11-15;04:44:34;-1,94;10,56;7;95;9,79;0;0;0;0;1;0
2015-11-15;04:45:04;-1,96;10,5;7;95;9,73;0;0;0;0;1;0
2015-11-15;04:45:34;-1,74;10,44;7;95;9,67;0;0;0;0;1;0
2015-11-15;04:46:04;-2,13;10,36;7;95;9,59;0;0;0;0;1;0
2015-11-15;04:46:34;-1,52;10,32;7;95;9,55;0;0;0;0;1;0
2015-11-15;04:47:04;-1,56;10,22;7;95;9,45;0;0;0;0;1;0
2015-11-15;04:47:34;-1,83;10,12;7;94;9,2;0;0;0;0;1;0
2015-11-15;04:48:04;-1,4;10,1;7;94;9,18;0;0;0;0;1;0
2015-11-15;04:48:34;-1,1;10,08;7;94;9,16;0;0;0;0;1;0
2015-11-15;04:49:04;-1,3;10,04;7;94;9,12;0;0;0;0;1;0
2015-11-15;04:49:40;-1,34;10,04;7;93;8,96;0;0;0;0;1;0
2015-11-15;04:50:10;-1,28;9,98;7;93;8,9;0;0;0;0;1;0
2015-11-15;04:50:34;-1,16;9,96;7;93;8,88;0;0;0;0;1;0
2015-11-15;04:51:04;-1,15;9,94;7;93;8,86;0;0;0;0;1;0
2015-11-15;04:51:34;-1,25;9,88;7;93;8,8;0;0;0;0;1;0
2015-11-15;04:52:04;-0,85;9,84;7;93;8,76;0;0;0;0;1;0
2015-11-15;04:52:40;-0,91;9,76;7;93;8,68;0;0;0;0;1;0
2015-11-15;04:53:10;-0,72;9,74;7;93;8,66;0;0;0;0;1;0
2015-11-15;04:53:40;-0,89;9,72;7;93;8,64;0;0;0;0;1;0
2015-11-15;04:54:04;-1;9,68;7;93;8,6;0;0;0;0;1;0
2015-11-15;04:54:34;-1,25;9,66;7;93;8,58;0;0;0;0;1;0
2015-11-15;04:55:04;-0,85;9,6;7;93;8,52;0;0;0;0;1;0
2015-11-15;04:55:34;-1;9,5;7;93;8,42;0;0;0;0;1;0
2015-11-15;04:56:04;-0,59;9,48;7;93;8,4;0;0;0;0;1;0
2015-11-15;04:56:34;-0,8;9,44;7;93;8,37;0;0;0;0;1;0
2015-11-15;04:57:04;-0,78;9,4;7;93;8,33;0;0;0;0;1;0
2015-11-15;04:57:34;-0,63;9,3;7;93;8,23;0;0;0;0;1;0
2015-11-15;04:58:04;-0,68;9,2;7;93;8,13;0;0;0;0;1;0
2015-11-15;04:58:34;-0,82;9,16;7;93;8,09;0;0;0;0;1;0
2015-11-15;04:59:04;-0,82;9,04;7;93;7,97;0;0;0;0;1;0
2015-11-15;04:59:34;-0,83;9;7;93;7,93;0;0;0;0;1;0
2015-11-15;05:00:04;-0,71;8,94;7;93;7,87;0;0;0;0;1;0
2015-11-15;05:00:34;-0,43;8,84;7;93;7,77;0;0;0;0;1;0
2015-11-15;05:01:04;-0,7;8,8;7;93;7,73;0;0;0;0;1;0
2015-11-15;05:01:34;-0,2;8,8;7;93;7,73;0;0;0;0;1;0
2015-11-15;05:02:04;-0,35;8,78;7;93;7,71;0;0;0;0;1;0
2015-11-15;05:02:40;-0,58;8,8;7;93;7,73;0;0;0;0;1;0
2015-11-15;05:03:04;-0,55;8,82;7;93;7,75;0;0;0;0;1;0
2015-11-15;05:03:34;-1,11;8,76;7;92;7,53;0;0;0;0;1;0
2015-11-15;05:04:04;-1,05;8,7;7;92;7,47;0;0;0;0;1;0
2015-11-15;05:04:34;-0,83;8,64;7;92;7,41;0;0;0;0;1;0
2015-11-15;05:05:04;-0,92;8,56;7;92;7,33;0;0;0;0;1;0
2015-11-15;05:05:34;-1,08;8,56;7;93;7,49;0;0;0;0;1;0
2015-11-15;05:06:04;-0,71;8,52;7;93;7,45;0;0;0;0;1;0
2015-11-15;05:06:34;-1,14;8,44;7;93;7,37;0;0;0;0;1;0
2015-11-15;05:07:04;-1,02;8,38;7;93;7,31;0;0;0;0;1;0
2015-11-15;05:07:34;-0,82;8,28;6;93;7,22;0;0;1;0;1;0
2015-11-15;05:08:04;-1;8,26;6;93;7,2;0;0;2,1;0;1;0
2015-11-15;05:08:40;-0,55;8,24;6;93;7,18;0;0;2,1;0;1;0
2015-11-15;05:09:04;-0,52;8,16;6;93;7,1;0;0;1;0;1;0
2015-11-15;05:09:34;-0,74;8,14;6;92;6,92;0;0;1;0;1;0
2015-11-15;05:10:04;-0,62;8,14;6;92;6,92;0;0;1;0;1;0
2015-11-15;05:10:34;-0,6;8,1;6;92;6,88;0;0;1;0;1;0
2015-11-15;05:11:04;-0,68;8,08;6;92;6,86;0;0;1;0;1;0
2015-11-15;05:11:40;-0,38;8,1;6;92;6,88;0;0;1;0;1;0
2015-11-15;05:12:04;-0,46;8,1;6;92;6,88;0;0;2,1;0;1;0
2015-11-15;05:12:40;-0,59;8,06;6;92;6,84;0;0;1;0;1;0
2015-11-15;05:13:04;-0,37;8,06;6;92;6,84;0;0;1;0;1;0
2015-11-15;05:13:40;-0,29;8,06;6;93;7;0;0;0;0;1;0
2015-11-15;05:14:04;-0,41;8,06;6;93;7;0;0;0;0;1;0
2015-11-15;05:14:34;-0,41;8,06;6;93;7;0;0;0;0;1;0
2015-11-15;05:15:04;-0,34;8,08;6;93;7,02;0;0;0;0;1;0
2015-11-15;05:15:40;-0,22;8,08;6;93;7,02;0;0;0;0;1;0
2015-11-15;05:16:04;0,04;8,08;6;93;7,02;0;0;0;0;1;0
2015-11-15;05:16:34;-0,31;8,12;6;93;7,06;0;0;0;0;1;0
2015-11-15;05:17:10;-0,14;8,14;6;93;7,08;0;0;0;0;1;0
2015-11-15;05:17:40;-0,04;8,22;6;94;7,31;0;0;0;0;1;0
2015-11-15;05:18:04;0,07;8,24;6;94;7,33;0;0;0;0;1;0
2015-11-15;05:18:40;-0,08;8,22;6;94;7,31;0;0;0;0;1;0
2015-11-15;05:19:04;-0,38;8,22;6;94;7,31;0;0;0;0;1;0
2015-11-15;05:19:34;-0,27;8,24;6;95;7,49;0;0;0;0;1;0
2015-11-15;05:20:04;-0,04;8,32;6;95;7,57;0;0;0;0;1;0
2015-11-15;05:20:34;-0,42;8,34;6;95;7,59;0;0;0;0;1;0
2015-11-15;05:21:04;-0,58;8,26;6;95;7,51;0;0;0;0;1;0
2015-11-15;05:21:34;-0,55;8,24;6;95;7,49;0;0;0;0;1;0
2015-11-15;05:22:04;-0,6;8,22;6;95;7,47;0;0;0;0;1;0
2015-11-15;05:22:34;-0,38;8,22;6;95;7,47;0;0;0;0;1;0
2015-11-15;05:23:04;-0,57;8,24;6;95;7,49;0;0;0;0;1;0
2015-11-15;05:23:34;-0,56;8,26;6;96;7,66;0;0;0;0;1;0
2015-11-15;05:24:04;-0,12;8,22;6;96;7,62;0;0;0;0;1;0
2015-11-15;05:24:34;0,06;8,26;6;96;7,66;0;0;0;0;1;0
2015-11-15;05:25:10;0;8,34;6;96;7,74;0;0;0;0;1;0
2015-11-15;05:25:40;0,16;8,38;6;96;7,78;0;0;0;0;1;0
2015-11-15;05:26:04;-0,22;8,4;6;96;7,8;0;0;0;0;1;0
2015-11-15;05:26:40;0,02;8,38;6;96;7,78;0;0;0;0;1;0
2015-11-15;05:27:04;-0,76;8,34;6;96;7,74;0;0;0;0;1;0
2015-11-15;05:27:40;-0,32;8,28;6;96;7,68;0;0;0;0;1;0
2015-11-15;05:28:04;-0,22;8,28;6;96;7,68;0;0;0;0;1;0
2015-11-15;05:28:34;0;8,32;6;96;7,72;0;0;0;0;1;0
2015-11-15;05:29:04;0;8,34;6;96;7,74;0;0;0;0;1;0
2015-11-15;05:29:34;0,1;8,32;6;96;7,72;0;0;0;0;1;0
2015-11-15;05:30:10;-0,01;8,36;6;96;7,76;0;0;0;0;1;0
2015-11-15;05:30:34;-0,31;8,36;6;96;7,76;0;0;0;0;1;0
2015-11-15;05:31:04;-0,2;8,32;6;96;7,72;0;0;0;0;1;0
2015-11-15;05:31:34;-0,12;8,32;6;96;7,72;0;0;0;0;1;0
2015-11-15;05:32:10;0,04;8,32;6;96;7,72;0;0;0;0;1;0
2015-11-15;05:32:34;-0,3;8,34;6;96;7,74;0;0;0;0;1;0
2015-11-15;05:33:04;-0,58;8,34;6;96;7,74;0;0;0;0;1;0
2015-11-15;05:33:34;-0,7;8,28;6;96;7,68;0;0;0;0;1;0
2015-11-15;05:34:04;-0,08;8,22;6;96;7,62;0;0;0;0;1;0
2015-11-15;05:34:34;-0,3;8,22;6;96;7,62;0;0;0;0;1;0
2015-11-15;05:35:04;-0,11;8,18;6;96;7,58;0;0;0;0;1;0
2015-11-15;05:35:34;-0,24;8,16;6;96;7,56;0;0;0;0;1;0
2015-11-15;05:36:04;0,1;8,16;6;96;7,56;0;0;0;0;1;0
2015-11-15;05:36:34;0,07;8,12;6;96;7,52;0;0;0;0;1;0
2015-11-15;05:37:10;0,16;8,14;6;96;7,54;0;0;0;0;1;0
2015-11-15;05:37:34;0,09;8,18;6;95;7,43;0;0;0;0;1;0
2015-11-15;05:38:04;-0,1;8,14;6;95;7,39;0;0;0;0;1;0
2015-11-15;05:38:34;-0,02;8,16;6;95;7,41;0;0;0;0;1;0
2015-11-15;05:39:04;-0,08;8,22;6;95;7,47;0;0;0;0;1;0
2015-11-15;05:39:34;-0,03;8,18;6;95;7,43;20;0;1;50;1;0
2015-11-15;05:40:04;-0,52;8,16;6;95;7,41;21;0;2,1;50;1;0
2015-11-15;05:40:34;-0,24;8,16;6;95;7,41;21;0;2,1;50;1;0
2015-11-15;05:41:04;-0,07;8,18;6;95;7,43;20;0;1;50;1;0
2015-11-15;05:41:34;-0,1;8,28;6;96;7,68;19;0;0;50;1;0
2015-11-15;05:42:04;-0,56;8,26;6;96;7,66;18;0;0;50;1;0
2015-11-15;05:42:34;-0,16;8,34;6;96;7,74;18;0;0;50;1;0
2015-11-15;05:43:04;-0,26;8,4;6;96;7,8;17;0;0;50;1;0
2015-11-15;05:43:34;-0,49;8,52;6;96;7,92;16;0;0;50;1;0
2015-11-15;05:44:04;-0,33;8,6;6;96;8;16;0;0;50;1;0
2015-11-15;05:44:34;-0,59;8,72;6;96;8,12;15;0;0;50;1;0
2015-11-15;05:45:04;-0,64;8,74;6;96;8,14;15;0;0;50;1;0
2015-11-15;05:45:34;-0,81;8,84;6;98;8,54;15;0;0;50;1;0
2015-11-15;05:46:04;-0,77;8,88;6;98;8,58;15;0;0;50;1;0
2015-11-15;05:46:34;-0,77;9;6;98;8,7;15;0;0;50;1;0
2015-11-15;05:47:04;-0,76;9,08;6;98;8,78;15;0;0;50;1;0
2015-11-15;05:47:34;-0,64;9,2;6;98;8,9;14;0;0;50;1;0
2015-11-15;05:48:04;-0,86;9,26;6;98;8,96;14;0;0;50;1;0
2015-11-15;05:48:34;-0,98;9,32;6;98;9,02;14;0;0;50;1;0
2015-11-15;05:49:10;-0,56;9,4;6;98;9,1;14;0;0;50;1;0
2015-11-15;05:49:34;-0,73;9,48;6;98;9,18;14;0;0;50;1;0
2015-11-15;05:50:04;-0,95;9,54;6;98;9,24;14;0;0;50;1;0
2015-11-15;05:50:34;-0,99;9,64;6;98;9,34;14;0;0;50;1;0
2015-11-15;05:51:04;-0,73;9,72;6;98;9,42;14;0;0;50;1;0
2015-11-15;05:51:34;-0,95;9,78;7;99;9,63;14;0;0;50;1;0
2015-11-15;05:52:04;-1,78;9,86;7;99;9,71;14;0;0;50;1;0
2015-11-15;05:52:34;-1,57;9,84;7;99;9,69;13;0;0;50;1;0
2015-11-15;05:53:04;-1,53;9,82;7;99;9,67;13;0;0;50;1;0
2015-11-15;05:53:34;-1,25;9,88;7;98;9,58;14;0;0;50;1;0
2015-11-15;05:54:04;-1,24;9,86;7;98;9,56;14;0;0;50;1;0
2015-11-15;05:54:34;-1,59;9,9;7;98;9,6;13;0;0;50;1;0
2015-11-15;05:55:04;-1,46;9,92;7;98;9,62;13;0;0;50;1;0
2015-11-15;05:55:34;-1,59;9,9;7;98;9,6;14;0;0;50;1;0
2015-11-15;05:56:04;-1,11;9,88;7;98;9,58;13;0;0;50;1;0
2015-11-15;05:56:34;-1,41;9,9;7;98;9,6;13;0;0;50;1;0
2015-11-15;05:57:04;-1,45;9,88;7;98;9,58;13;0;0;50;1;0
2015-11-15;05:57:34;-1,34;9,92;7;97;9,47;13;0;0;50;1;0
2015-11-15;05:58:04;-1,08;9,92;7;97;9,47;13;0;0;50;1;0
2015-11-15;05:58:40;-0,83;10;7;97;9,55;15;0;0;50;1;0
2015-11-15;05:59:10;-1,43;10,06;7;97;9,61;14;0;0;50;1;0
2015-11-15;05:59:40;-0,86;10,08;7;97;9,63;14;0;0;50;1;0
2015-11-15;06:00:10;-0,98;10,08;7;97;9,63;13;0;0;50;1;0
2015-11-15;06:00:40;-1,66;10,08;7;97;9,63;13;0;0;50;1;0
2015-11-15;06:01:10;-1,56;10,08;7;97;9,63;12;0;0;50;1;0
2015-11-15;06:01:40;-1,17;10,06;7;97;9,61;14;0;0;50;1;0
2015-11-15;06:02:04;-1,44;9,98;7;97;9,53;14;0;0;50;1;0
2015-11-15;06:02:40;-1,17;10;7;97;9,55;14;0;0;50;1;0
2015-11-15;06:03:10;-0,97;10,06;7;97;9,61;14;0;0;50;1;0
2015-11-15;06:03:40;-1,05;10,06;7;97;9,61;15;0;0;50;1;0
2015-11-15;06:04:10;-1,18;10,04;7;97;9,59;14;0;0;50;1;0
2015-11-15;06:04:34;-1,16;9,98;7;97;9,53;15;0;0;50;1;0
2015-11-15;06:05:04;-1,44;9,96;7;97;9,51;13;0;0;50;1;0
2015-11-15;06:05:34;-1,79;9,88;7;96;9,27;13;0;0;50;1;0
2015-11-15;06:06:04;-1,15;9,84;7;96;9,23;13;0;0;50;1;0
2015-11-15;06:06:34;-1,16;9,74;7;96;9,13;13;0;0;50;1;0
2015-11-15;06:07:04;-1,59;9,76;7;96;9,15;12;0;1;50;1;0
2015-11-15;06:07:34;-1,31;9,7;7;96;9,09;12;0;2,1;50;1;0
2015-11-15;06:08:04;-1,05;9,72;7;96;9,11;12;0;2,1;50;1;0
2015-11-15;06:08:34;-0,92;9,68;7;96;9,07;13;0;1;50;1;0
2015-11-15;06:09:04;-1,4;9,62;7;96;9,01;15;0;0;50;1;0
2015-11-15;06:09:34;-1,28;9,62;7;95;8,86;19;0;0;50;1;0
2015-11-15;06:10:04;-1,31;9,6;7;95;8,84;19;0;0;50;1;0
2015-11-15;06:10:34;-0,93;9,6;7;95;8,84;17;0;0;50;1;0
2015-11-15;06:11:04;-1,39;9,6;7;95;8,84;17;0;0;50;1;0
2015-11-15;06:11:34;-0,81;9,6;7;94;8,68;15;0;0;50;1;0
2015-11-15;06:12:04;-1,47;9,54;7;94;8,62;14;0;0;50;1;0
2015-11-15;06:12:34;-1,33;9,52;7;94;8,6;15;0;0;50;1;0
2015-11-15;06:13:04;-0,91;9,54;7;94;8,62;22;0;0;50;1;0
2015-11-15;06:13:34;-1,09;9,54;7;94;8,62;23;0;0;50;1;0
2015-11-15;06:14:04;-1,02;9,56;7;94;8,64;23;0;0;50;1;0
2015-11-15;06:14:34;-0,65;9,64;7;94;8,72;26;0;0;50;1;0
2015-11-15;06:15:04;-1,18;9,68;7;94;8,76;26;0;0;50;1;0
2015-11-15;06:15:34;-1,41;9,64;7;94;8,72;25;0;0;50;1;0
2015-11-15;06:16:04;-1,58;9,62;7;94;8,7;24;0;0;50;1;0
2015-11-15;06:16:34;-1,93;9,52;7;94;8,6;22;0;0;50;1;0
2015-11-15;06:17:04;-0,96;9,56;7;94;8,64;21;0;0;50;1;0
2015-11-15;06:17:34;-1;9,56;7;95;8,8;20;0;0;50;1;0
2015-11-15;06:18:04;-0,81;9,6;7;95;8,84;19;0;0;50;1;0
2015-11-15;06:18:34;-1,47;9,52;7;95;8,76;20;0;0;50;1;0
2015-11-15;06:19:04;-1,8;9,44;7;95;8,68;20;0;1;50;1;0
2015-11-15;06:19:34;-1,28;9,4;7;94;8,48;18;0;2,1;50;1;0
2015-11-15;06:20:04;-0,8;9,34;7;94;8,42;17;0;2,1;50;1;0
2015-11-15;06:20:34;-0,4;9,4;7;94;8,48;18;0;1;50;1;0
2015-11-15;06:21:04;-1,08;9,4;7;94;8,48;18;0;0;50;1;0
2015-11-15;06:21:34;-1,54;9,38;7;93;8,31;17;0;0;50;1;0
2015-11-15;06:22:04;-1,38;9,38;7;93;8,31;20;0;0;50;1;0
2015-11-15;06:22:34;-1,04;9,38;7;93;8,31;22;0;1;50;1;0
2015-11-15;06:23:04;-1,36;9,38;7;93;8,31;21;0;2,1;50;1;0
2015-11-15;06:23:34;-1,26;9,34;7;94;8,42;25;0;2,1;50;1;0
2015-11-15;06:24:04;-1,1;9,32;7;94;8,4;26;0;1;50;1;0
2015-11-15;06:24:34;-0,61;9,42;7;94;8,5;27;0;0;50;1;0
2015-11-15;06:25:04;-0,55;9,48;7;94;8,56;26;0;0;50;1;0
2015-11-15;06:25:34;-0,75;9,54;7;93;8,46;25;0;0;50;1;0
2015-11-15;06:26:04;-0,9;9,62;7;93;8,54;25;0;0;50;1;0
2015-11-15;06:26:34;-0,99;9,64;7;93;8,56;24;0;0;50;1;0
2015-11-15;06:27:04;-0,85;9,7;7;93;8,62;22;0;0;50;1;0
2015-11-15;06:27:34;-1,33;9,76;7;94;8,84;22;0;0;50;1;0
2015-11-15;06:28:04;-0,73;9,78;7;94;8,86;21;0;0;50;1;0
2015-11-15;06:28:34;-0,82;9,86;7;94;8,94;20;0;0;50;1;0
2015-11-15;06:29:04;-1,18;9,92;7;94;9;21;0;0;50;1;0
2015-11-15;06:29:34;-1,15;9,94;7;95;9,18;21;0;0;50;1;0
2015-11-15;06:30:04;-1,06;9,96;7;95;9,2;20;0;0;50;1;0
2015-11-15;06:30:34;-0,76;9,98;7;95;9,22;19;0;0;50;1;0
2015-11-15;06:31:10;-1,04;10,04;7;95;9,28;18;0;0;50;1;0
2015-11-15;06:31:40;-1,23;10,06;7;95;9,3;18;0;0;50;1;0
2015-11-15;06:32:10;-1,11;10,12;7;95;9,36;15;0;0;50;1;0
2015-11-15;06:32:40;-1,15;10,12;7;95;9,36;10;0;0;50;1;0
2015-11-15;06:33:04;-1,26;10,16;7;95;9,39;7;0;0;50;1;0
2015-11-15;06:33:34;-0,84;10,22;7;95;9,45;3;0;0;50;1;0
2015-11-15;06:34:04;-1,1;10,34;7;95;9,57;1;0;0;50;1;0
2015-11-15;06:34:34;-0,99;10,36;7;95;9,59;0;0;0;0;1;0
2015-11-15;06:35:04;-1,05;10,4;7;95;9,63;0;0;0;0;1;0
2015-11-15;06:35:34;-1,13;10,42;7;95;9,65;0;0;0;0;1;0
2015-11-15;06:36:04;-0,99;10,46;7;95;9,69;0;0;0;0;1;0
2015-11-15;06:36:34;-1;10,5;7;95;9,73;0;0;0;0;1;0
2015-11-15;06:37:04;-1,28;10,5;7;95;9,73;0;0;0;0;1;0
2015-11-15;06:37:40;-1,62;10,38;7;95;9,61;0;0;0;0;1;0
2015-11-15;06:38:04;-1,22;10,34;7;95;9,57;0;0;0;0;1;0
2015-11-15;06:38:34;-1,36;10,2;7;95;9,43;0;0;0;0;1;0
2015-11-15;06:39:04;-1,6;10,1;7;95;9,34;0;0;0;0;1;0
2015-11-15;06:39:35;-1,02;9,98;7;95;9,22;0;0;0;0;1;0
2015-11-15;06:40:05;-0,87;9,9;7;95;9,14;0;0;0;0;1;0
2015-11-15;06:40:41;-1,17;9,76;7;95;9;0;0;0;0;1;0
2015-11-15;06:41:05;-0,99;9,64;7;95;8,88;0;0;0;0;1;0
2015-11-15;06:41:35;-1,05;9,52;7;94;8,6;0;0;0;0;1;0
2015-11-15;06:42:05;-0,5;9,44;7;94;8,52;0;0;0;0;1;0
2015-11-15;06:42:35;-0,97;9,3;7;94;8,38;0;0;0;0;1;0
2015-11-15;06:43:05;-0,61;9,24;7;94;8,32;0;0;0;0;1;0
2015-11-15;06:43:35;-0,23;9,18;7;93;8,11;0;0;0;0;1;0
2015-11-15;06:44:05;-0,55;9,06;7;93;7,99;0;0;0;0;1;0
2015-11-15;06:44:35;-0,52;8,98;7;93;7,91;0;0;0;0;1;0
2015-11-15;06:45:05;-0,47;8,82;7;93;7,75;0;0;0;0;1;0
2015-11-15;06:45:35;-0,82;8,74;7;92;7,51;0;0;0;0;1;0
2015-11-15;06:46:06;-0,05;8,64;7;92;7,41;0;0;0;0;1;0
2015-11-15;06:46:36;0,35;8,7;7;92;7,47;0;0;0;0;1;0
2015-11-15;06:47:06;-0,44;8,62;7;92;7,39;0;0;0;0;1;0
2015-11-15;06:47:36;-0,41;8,54;7;92;7,31;0;0;0;0;1;0
2015-11-15;06:48:12;0,55;8,6;7;92;7,37;0;0;0;0;1;0
2015-11-15;06:48:42;0,26;8,56;7;92;7,33;0;0;0;0;1;0
2015-11-15;06:49:06;-0,08;8,56;7;92;7,33;0;0;0;0;1;0
2015-11-15;06:49:36;-0,01;8,52;6;92;7,29;0;0;0;0;1;0
2015-11-15;06:50:06;0,06;8,44;6;92;7,22;0;0;0;0;1;0
2015-11-15;06:50:36;0,17;8,48;6;92;7,26;0;0;0;0;1;0
2015-11-15;06:51:06;0,43;8,48;6;92;7,26;0;0;0;0;1;0
2015-11-15;06:51:36;0,33;8,48;6;93;7,41;0;0;0;0;1;0
2015-11-15;06:52:12;0,02;8,38;6;93;7,31;0;0;0;0;1;0
2015-11-15;06:52:36;0,38;8,38;6;93;7,31;0;0;0;0;1;0
2015-11-15;06:53:12;0,5;8,4;6;93;7,33;0;0;0;0;1;0
2015-11-15;06:53:37;0,02;8,4;6;93;7,33;0;0;0;0;1;0
2015-11-15;06:54:07;0,46;8,38;6;93;7,31;0;0;0;0;1;0
2015-11-15;06:54:43;-0,02;8,38;6;93;7,31;0;0;0;0;1;0
2015-11-15;06:55:13;0,29;8,36;6;93;7,29;0;0;0;0;1;0
2015-11-15;06:55:37;0,42;8,38;6;93;7,31;0;0;0;0;1;0
2015-11-15;06:56:07;0,5;8,4;6;93;7,33;0;0;0;0;1;0
2015-11-15;06:56:37;0,02;8,4;6;93;7,33;0;0;0;0;1;0
2015-11-15;06:57:13;-0,38;8,32;6;93;7,25;0;0;1;0;1;0
2015-11-15;06:57:37;-0,47;8,24;6;94;7,33;0;0;1;0;1;0
2015-11-15;06:58:07;0,15;8,18;6;94;7,27;0;0;1;0;1;0
2015-11-15;06:58:37;0,1;8,14;6;94;7,23;0;0;0;0;1;0
2015-11-15;06:59:13;0,15;8,18;6;94;7,27;0;0;0;0;1;0
2015-11-15;06:59:38;0,25;8,24;6;94;7,33;0;0;0;0;1;0
2015-11-15;07:00:08;-0,38;8,22;6;94;7,31;0;0;0;0;1;0
2015-11-15;07:00:38;-0,81;8,12;6;94;7,21;0;0;1;0;1;0
2015-11-15;07:01:08;-0,54;8,04;6;94;7,13;0;0;2,1;0;1;0
2015-11-15;07:01:38;-0,29;7,94;6;94;7,03;0;0;2,1;0;1;0
2015-11-15;07:02:08;-0,36;7,9;6;94;6,99;0;0;2,1;0;1;0
2015-11-15;07:02:38;-0,1;7,86;6;94;6,95;0;0;1;0;1;0
2015-11-15;07:03:14;0,08;7,86;6;94;6,95;0;0;1;0;1;0
2015-11-15;07:03:38;-0,26;7,86;6;93;6,8;0;0;0;0;1;0
2015-11-15;07:04:08;-0,29;7,84;6;93;6,78;0;0;0;0;1;0
2015-11-15;07:04:38;-0,13;7,82;6;93;6,76;0;0;0;0;1;0
2015-11-15;07:05:08;-0,13;7,84;6;93;6,78;0;0;0;0;1;0
2015-11-15;07:05:38;-0,19;7,78;6;93;6,72;0;0;0;0;1;0
2015-11-15;07:06:08;0,07;7,78;6;93;6,72;0;0;0;0;1;0
2015-11-15;07:06:44;-0,28;7,8;6;93;6,74;0;0;0;0;1;0
2015-11-15;07:07:08;0,17;7,82;6;93;6,76;0;0;0;0;1;0
2015-11-15;07:07:39;0,51;7,84;6;93;6,78;0;0;0;0;1;0
2015-11-15;07:08:09;0,36;7,9;6;93;6,84;0;0;0;0;1;0
2015-11-15;07:08:39;-0,2;7,9;6;93;6,84;0;0;0;0;1;0
2015-11-15;07:09:15;0,1;7,9;6;93;6,84;0;0;0;0;1;0
2015-11-15;07:09:39;0,18;7,92;6;93;6,86;0;0;0;0;1;0
2015-11-15;07:10:15;0,23;7,94;6;93;6,88;0;0;0;0;1;0
2015-11-15;07:10:39;0,22;7,96;6;93;6,9;0;0;0;0;1;0
2015-11-15;07:11:09;0,16;8,04;6;93;6,98;0;0;0;0;1;0
2015-11-15;07:11:39;0,07;8;6;94;7,09;0;0;0;0;1;0
2015-11-15;07:12:10;0,07;8;6;94;7,09;0;0;0;0;1;0
2015-11-15;07:12:40;0,28;8,04;6;94;7,13;0;0;0;0;1;0
2015-11-15;07:13:04;0,36;8,02;6;94;7,11;0;0;0;0;1;0
2015-11-15;07:13:34;-0,02;8,02;6;94;7,11;0;0;0;0;1;0
2015-11-15;07:14:04;0,04;7,96;6;95;7,21;0;0;0;0;1;0
2015-11-15;07:14:40;0,02;7,92;6;95;7,17;0;0;0;0;1;0
2015-11-15;07:15:04;0,07;7,88;6;95;7,13;0;0;0;0;1;0
2015-11-15;07:15:34;-0,02;7,92;6;95;7,17;0;0;0;0;1;0
2015-11-15;07:16:10;0,28;7,92;6;95;7,17;0;0;0;0;1;0
2015-11-15;07:16:40;0,22;7,96;6;95;7,21;0;0;0;0;1;0
2015-11-15;07:17:10;0,04;7,96;6;95;7,21;0;0;0;0;1;0
2015-11-15;07:17:34;0,38;7,96;6;95;7,21;0;0;0;0;1;0
2015-11-15;07:18:04;0,06;7,9;6;94;6,99;0;0;0;0;1;0
2015-11-15;07:18:34;0,06;7,9;6;94;6,99;0;0;0;0;1;0
2015-11-15;07:19:04;-0,01;7,88;6;94;6,97;0;0;0;0;1;0
2015-11-15;07:19:40;0,16;7,86;6;94;6,95;0;0;0;0;1;0
2015-11-15;07:20:10;-0,19;7,88;6;95;7,13;0;0;0;0;1;0
2015-11-15;07:20:40;0,38;7,86;6;95;7,11;0;0;0;0;1;0
2015-11-15;07:21:04;-0,39;7,78;6;95;7,03;0;0;1;0;1;0
2015-11-15;07:21:34;-0,13;7,72;6;95;6,97;0;0;2,1;0;1;0
2015-11-15;07:22:04;-0,13;7,7;6;95;6,95;0;0;3,1;0;1;0
2015-11-15;07:22:40;-0,15;7,64;6;95;6,89;0;0;3,1;0;1;0
2015-11-15;07:23:04;0,29;7,66;6;95;6,91;0;0;2,1;0;1;0
2015-11-15;07:23:34;0,4;7,68;6;95;6,93;0;0;1;0;1;0
2015-11-15;07:24:04;0,31;7,72;6;94;6,82;0;0;0;0;1;0
2015-11-15;07:24:34;0,45;7,78;6;94;6,88;0;0;0;0;1;0
2015-11-15;07:25:10;0,41;7,78;6;94;6,88;0;0;0;0;1;0
2015-11-15;07:25:34;0,47;7,82;6;94;6,91;0;0;0;0;1;0
2015-11-15;07:26:10;0,23;7,82;6;94;6,91;0;0;0;0;1;0
2015-11-15;07:26:34;0,23;7,84;6;94;6,93;0;0;0;0;1;0
2015-11-15;07:27:04;0,33;7,88;6;94;6,97;0;0;0;0;1;0
2015-11-15;07:27:34;0,42;7,86;6;94;6,95;0;0;0;0;1;0
2015-11-15;07:28:04;0,36;7,92;6;95;7,17;0;0;0;0;1;0
2015-11-15;07:28:34;0,32;7,92;6;95;7,17;0;0;0;0;1;0
2015-11-15;07:29:04;0,32;7,92;6;95;7,17;0;0;0;0;1;0
2015-11-15;07:29:34;0,5;7,96;6;95;7,21;0;0;0;0;1;0
2015-11-15;07:30:10;0,3;7,96;6;95;7,21;0;0;0;0;1;0
2015-11-15;07:30:34;0,58;8,04;6;95;7,29;0;0;0;0;1;0
2015-11-15;07:31:04;0,49;8,06;6;95;7,31;0;0;0;0;1;0
2015-11-15;07:31:34;0,51;8,12;6;95;7,37;0;0;0;0;1;0
2015-11-15;07:32:04;0,66;8,16;6;96;7,56;0;0;0;0;1;0
2015-11-15;07:32:34;0,54;8,16;6;96;7,56;0;0;0;0;1;0
2015-11-15;07:33:04;0,66;8,26;6;96;7,66;0;1;0;0;1;0
2015-11-15;07:33:40;0,64;8,32;6;96;7,72;0;1;0;0;1;0
2015-11-15;07:34:04;0,26;8,34;6;96;7,74;0;1;0;0;1;0
2015-11-15;07:34:40;0,52;8,34;6;96;7,74;0;1;0;0;1;0
2015-11-15;07:35:04;0,45;8,42;6;96;7,82;0;1;0;0;1;0
2015-11-15;07:35:34;0,17;8,36;6;96;7,76;0;1;0;0;1;0
2015-11-15;07:36:10;0,06;8,32;6;96;7,72;0;1;0;0;1;0
2015-11-15;07:36:34;0,33;8,36;6;96;7,76;0;1;0;0;1;0
2015-11-15;07:37:04;-0,01;8,24;6;96;7,64;0;1;0;0;1;0
2015-11-15;07:37:40;0,36;8,28;6;96;7,68;0;1;0;0;1;0
2015-11-15;07:38:04;0,46;8,26;6;97;7,81;0;1;0;0;1;0
2015-11-15;07:38:40;0,32;8,26;6;97;7,81;0;1;0;0;1;0
2015-11-15;07:39:04;0,62;8,28;6;97;7,83;0;2;0;0;1;0
2015-11-15;07:39:40;0,6;8,34;6;97;7,89;0;2;0;0;1;0
2015-11-15;07:40:04;0,38;8,34;6;96;7,74;0;2;0;0;1;0
2015-11-15;07:40:34;0,37;8,36;6;96;7,76;0;2;0;0;1;0
2015-11-15;07:41:04;0,2;8,38;6;96;7,78;0;2;0;0;1;0
2015-11-15;07:41:40;0,25;8,36;6;96;7,76;0;3;0;0;1;0
2015-11-15;07:42:04;0,58;8,4;6;96;7,8;0;3;0;0;1;0
2015-11-15;07:42:34;0,28;8,38;6;96;7,78;0;3;0;0;1;0
2015-11-15;07:43:04;0,22;8,34;6;96;7,74;0;4;0;0;1;0
2015-11-15;07:43:34;0,13;8,36;6;96;7,76;0;4;0;0;1;0
2015-11-15;07:44:10;0,03;8,24;6;96;7,64;0;5;0;0;1;0
2015-11-15;07:44:34;-0,07;8,18;6;96;7,58;0;5;1;0;1;0
2015-11-15;07:45:04;-0,34;8,1;6;96;7,5;0;6;2,1;0;1;0
2015-11-15;07:45:34;0;8,08;6;96;7,48;0;6;2,1;0;1;0
2015-11-15;07:46:04;-0,2;8,02;6;96;7,42;0;7;1;0;1;0
2015-11-15;07:46:34;0,38;7,96;6;96;7,36;0;8;0;0;1;0
2015-11-15;07:47:04;-0,08;7,96;6;96;7,36;0;8;0;0;1;0
2015-11-15;07:47:40;0,35;7,94;6;96;7,34;0;9;0;0;1;0
2015-11-15;07:48:04;0,41;8;6;95;7,25;0;10;0;0;1;0
2015-11-15;07:48:34;0,44;8,04;6;95;7,29;0;11;0;0;1;0
2015-11-15;07:49:04;-0,05;8;6;95;7,25;0;12;0;0;1;0
2015-11-15;07:49:34;-0,1;7,92;6;95;7,17;0;13;0;0;1;0
2015-11-15;07:50:04;-0,01;7,88;6;95;7,13;0;14;0;0;1;0
2015-11-15;07:50:34;0,01;7,84;6;95;7,09;0;16;0;0;1;0
2015-11-15;07:51:04;0,01;7,82;6;95;7,07;0;17;0;0;1;0
2015-11-15;07:51:34;0,45;7,78;6;95;7,03;0;18;0;0;1;0
2015-11-15;07:52:04;0,31;7,72;6;95;6,97;0;20;0;0;1;0
2015-11-15;07:52:34;-0,12;7,68;6;95;6,93;0;21;0;0;1;0
2015-11-15;07:53:04;0,37;7,64;6;95;6,89;0;23;0;0;1;0
2015-11-15;07:53:40;0,33;7,64;6;95;6,89;0;23;0;0;1;0
2015-11-15;07:54:04;0,12;7,62;6;95;6,87;0;24;0;0;1;0
2015-11-15;07:54:34;0,71;7,66;6;95;6,91;0;26;0;0;1;0
2015-11-15;07:55:04;0,6;7,74;6;95;6,99;0;28;0;0;1;0
2015-11-15;07:55:40;0,88;7,8;6;95;7,05;0;30;0;0;1;0
2015-11-15;07:56:10;0,75;7,88;6;94;6,97;0;32;0;0;1;0
2015-11-15;07:56:34;0,49;8;6;94;7,09;0;34;0;0;1;0
2015-11-15;07:57:04;0,5;8,04;6;94;7,13;0;36;0;0;1;0
2015-11-15;07:57:34;0,5;8,04;6;94;7,13;0;38;0;0;1;0
2015-11-15;07:58:04;0,56;8,08;6;95;7,33;0;40;0;0;1;0
2015-11-15;07:58:34;0,21;8,12;6;95;7,37;0;43;0;0;1;0
2015-11-15;07:59:10;0,74;8,16;6;95;7,41;0;45;0;0;1;0
2015-11-15;07:59:34;0,38;8,22;6;95;7,47;0;48;0;0;1;0
2015-11-15;08:00:04;-0,29;8,18;6;96;7,58;0;50;0;0;1;0
2015-11-15;08:00:34;-0,08;8,22;6;96;7,62;0;53;0;0;1;0
2015-11-15;08:01:04;0,43;8,18;6;96;7,58;0;56;0;0;1;0
2015-11-15;08:01:34;0,4;8,16;6;96;7,56;0;59;0;0;1;0
2015-11-15;08:02:10;0,44;8,22;6;96;7,62;0;62;0;0;1;0
2015-11-15;08:02:34;0,3;8,22;6;96;7,62;0;64;0;0;1;0
2015-11-15;08:03:04;0,22;8,22;6;96;7,62;0;67;0;0;1;0
2015-11-15;08:03:40;0,18;8,22;6;96;7,62;0;70;0;0;1;0
2015-11-15;08:04:10;0,44;8,22;6;96;7,62;0;73;0;0;1;0
2015-11-15;08:04:34;0,58;8,26;6;96;7,66;0;76;0;0;1;0
2015-11-15;08:05:10;0,64;8,32;6;96;7,72;0;79;0;0;1;0
2015-11-15;08:05:34;0,48;8,34;6;96;7,74;0;81;0;0;1;0
2015-11-15;08:06:04;0,54;8,38;6;96;7,78;0;84;0;0;1;0
2015-11-15;08:06:34;0,35;8,42;6;96;7,82;0;86;0;0;1;0
2015-11-15;08:07:04;0,31;8,42;6;96;7,82;0;88;0;0;1;0
2015-11-15;08:07:34;0,27;8,42;6;96;7,82;0;91;0;0;1;0
2015-11-15;08:08:04;0,45;8,42;6;96;7,82;0;93;0;0;1;0
2015-11-15;08:08:34;0,53;8,42;6;96;7,82;0;96;0;0;1;0
2015-11-15;08:09:10;0,29;8,48;6;96;7,88;0;99;0;0;1;0
2015-11-15;08:09:34;0,62;8,5;6;96;7,9;0;102;0;0;1;0
2015-11-15;08:10:04;0,53;8,54;6;96;7,94;0;105;0;0;1;0
2015-11-15;08:10:34;0,36;8,56;6;96;7,96;0;108;0;0;1;0
2015-11-15;08:11:04;0,51;8,6;6;96;8;0;112;0;0;1;0
2015-11-15;08:11:34;0,33;8,64;6;96;8,04;0;114;0;0;1;0
2015-11-15;08:12:04;0,33;8,64;6;96;8,04;0;117;0;0;1;0
2015-11-15;08:12:34;-0,05;8,6;6;96;8;0;120;0;0;1;0
2015-11-15;08:13:04;0,12;8,62;6;96;8,02;0;123;0;0;1;0
2015-11-15;08:13:34;0,13;8,6;6;96;8;0;126;0;0;1;0
2015-11-15;08:14:04;0,24;8,62;6;96;8,02;0;130;0;0;1;0
2015-11-15;08:14:34;0,39;8,6;6;96;8;0;133;0;0;1;0
2015-11-15;08:15:04;0,31;8,6;6;96;8;0;137;0;0;1;0
2015-11-15;08:15:40;0,31;8,58;6;96;7,98;0;140;0;0;1;0
2015-11-15;08:16:04;0,5;8,62;6;96;8,02;0;143;0;0;1;0
2015-11-15;08:16:34;0,42;8,62;6;96;8,02;0;146;0;0;1;0
2015-11-15;08:17:04;0,43;8,6;6;96;8;0;148;0;0;1;0
2015-11-15;08:17:34;0,15;8,52;6;96;7,92;5;149;1;50;1;0
2015-11-15;08:18:04;0,36;8,56;6;96;7,96;4;152;1;50;1;0
2015-11-15;08:18:34;0,11;8,52;6;96;7,92;4;154;1;50;1;0
2015-11-15;08:19:10;-0,03;8,54;6;96;7,94;4;157;0;50;1;0
2015-11-15;08:19:40;-0,01;8,48;6;96;7,88;3;159;0;50;1;0
2015-11-15;08:20:10;-0,12;8,44;6;96;7,84;3;163;1;50;1;0
2015-11-15;08:20:40;-0,01;8,48;6;96;7,88;3;166;2,1;50;1;0
2015-11-15;08:21:04;0,02;8,44;6;96;7,84;3;169;3,1;50;1;0
2015-11-15;08:21:40;-0,29;8,48;6;96;7,88;3;171;3,1;50;1;0
2015-11-15;08:22:04;0,11;8,52;6;97;8,07;3;173;3,1;50;1;0
2015-11-15;08:22:34;0,02;8,56;6;97;8,11;3;177;2,1;50;1;0
2015-11-15;08:23:10;-0,14;8,62;6;97;8,17;3;181;2,1;50;1;0
2015-11-15;08:23:40;-0,07;8,64;6;97;8,19;3;183;1;50;1;0
2015-11-15;08:24:10;-0,39;8,7;6;97;8,25;3;187;2,1;50;1;0
2015-11-15;08:24:34;0,08;8,74;6;97;8,29;4;190;2,1;50;1;0
2015-11-15;08:25:10;-0,35;8,78;6;97;8,33;4;193;3,1;50;1;0
2015-11-15;08:25:40;-0,29;8,82;6;97;8,37;4;197;3,1;50;1;0
2015-11-15;08:26:10;-0,33;8,82;6;97;8,37;4;201;3,1;50;1;0
2015-11-15;08:26:40;-0,08;8,86;6;97;8,41;8;204;2,1;50;1;0
2015-11-15;08:27:10;-0,18;8,98;6;97;8,53;9;208;1;50;1;0
2015-11-15;08:27:34;-0,25;9,06;6;97;8,61;8;210;0;50;1;0
2015-11-15;08:28:04;-0,26;9,08;6;97;8,63;10;212;1;50;1;0
2015-11-15;08:28:34;-0,19;9,18;6;97;8,73;10;213;2,1;50;1;0
2015-11-15;08:29:04;-0,43;9,24;6;97;8,79;10;216;2,1;50;1;0
2015-11-15;08:29:34;-0,18;9,28;6;97;8,83;12;217;1;50;1;0
2015-11-15;08:30:10;0,02;9,38;6;97;8,93;12;222;0;50;1;0
2015-11-15;08:30:40;0,02;9,46;6;97;9,01;10;226;0;50;1;0
2015-11-15;08:31:04;-0,32;9,56;6;97;9,11;10;230;0;50;1;0
2015-11-15;08:31:34;-0,19;9,66;6;97;9,21;16;234;0;50;1;0
2015-11-15;08:32:04;-0,09;9,76;6;97;9,31;16;239;0;50;1;0
2015-11-15;08:32:34;-0,43;9,88;6;97;9,43;17;245;0;50;1;0
2015-11-15;08:33:04;-0,62;9,92;6;97;9,47;17;249;0;50;1;0
2015-11-15;08:33:34;-0,93;9,94;6;97;9,49;16;252;0;50;1;0
2015-11-15;08:34:04;-0,5;9,96;7;97;9,51;16;255;0;50;1;0
2015-11-15;08:34:34;-0,21;10,06;7;97;9,61;17;257;0;50;1;0
2015-11-15;08:35:04;-0,64;10,1;7;97;9,65;17;260;0;50;1;0
2015-11-15;08:35:34;-0,58;10,14;7;97;9,69;20;264;0;50;1;0
2015-11-15;08:36:04;-0,58;10,22;7;97;9,76;20;268;0;50;1;0
2015-11-15;08:36:34;-0,76;10,2;7;97;9,74;23;271;0;50;1;0
2015-11-15;08:37:04;-0,55;10,24;7;97;9,78;24;277;0;50;1;0
2015-11-15;08:37:34;-0,9;10,28;7;97;9,82;24;281;0;50;1;0
2015-11-15;08:38:04;-0,68;10,22;7;97;9,76;24;285;0;50;1;0
2015-11-15;08:38:34;-0,84;10,22;7;97;9,76;27;288;0;50;1;0
2015-11-15;08:39:04;-0,71;10,18;7;97;9,72;27;292;0;50;1;0
2015-11-15;08:39:34;4,82;10,16;7;97;9,71;28;295;0;50;1;0
2015-11-15;08:40:04;3,99;10,18;7;96;9,57;28;296;0;50;1;0
2015-11-15;08:40:34;5;10,14;7;96;9,53;29;300;0;50;1;0
2015-11-15;08:41:04;4,43;10,18;7;96;9,57;29;302;0;50;1;0
2015-11-15;08:41:34;3,48;10,1;7;96;9,49;31;306;1;50;1;0
2015-11-15;08:42:04;4,15;10,06;7;96;9,45;32;308;1;50;1;0
2015-11-15;08:42:40;3,78;9,98;7;96;9,37;33;308;2,1;50;1;0
2015-11-15;08:43:10;4,56;9,96;7;96;9,35;33;311;1;50;1;0
2015-11-15;08:43:34;4,34;10,08;7;96;9,47;33;313;1;50;1;0
2015-11-15;08:44:04;4,46;10,1;7;95;9,34;34;314;0;50;1;0
2015-11-15;08:44:34;4,44;10,16;7;95;9,39;33;317;0;50;1;0
2015-11-15;08:45:04;3,3;10,08;7;95;9,32;36;320;0;50;1;0
2015-11-15;08:45:40;4,74;9,98;7;95;9,22;37;327;0;50;1;0
2015-11-15;08:46:04;4,47;10,06;7;95;9,3;35;326;0;50;1;0
2015-11-15;08:46:34;5,02;10,2;7;95;9,43;35;329;0;50;1;0
2015-11-15;08:47:04;4,7;10,2;7;95;9,43;34;333;0;50;1;0
2015-11-15;08:47:40;4,42;10,22;7;95;9,45;34;335;0;50;1;0
2015-11-15;08:48:04;4,59;10,24;7;95;9,47;32;343;0;50;1;0
2015-11-15;08:48:34;3,94;10,28;7;95;9,51;32;348;0;50;1;0
2015-11-15;08:49:04;3,6;10,28;7;95;9,51;30;351;1;50;1;0
2015-11-15;08:49:34;4,01;10,24;7;95;9,47;31;356;2,1;50;1;0
2015-11-15;08:50:04;3,67;10,18;7;95;9,41;30;360;3,1;50;1;0
2015-11-15;08:50:34;3,94;10,16;7;95;9,39;30;363;3,1;50;1;0
2015-11-15;08:51:04;3,69;10,12;7;95;9,36;29;367;3,1;50;1;0
2015-11-15;08:51:34;3,94;10,04;7;95;9,28;28;368;3,1;50;1;0
2015-11-15;08:52:04;4,32;10,1;7;94;9,18;27;368;3,1;50;1;0
2015-11-15;08:52:34;3,92;10,08;7;94;9,16;26;367;3,1;50;1;0
2015-11-15;08:53:04;3,89;10,06;7;94;9,14;25;370;2,1;50;1;0
2015-11-15;08:53:34;4,37;10,12;7;94;9,2;24;372;1;50;1;0
2015-11-15;08:54:04;3,8;10,16;7;93;9,08;22;377;1;50;1;0
2015-11-15;08:54:34;4,11;10,24;7;93;9,16;21;383;1;50;1;0
2015-11-15;08:55:04;4,55;10,24;7;93;9,16;20;389;1;50;1;0
2015-11-15;08:55:34;4,09;10,24;7;93;9,16;18;395;0;50;1;0
2015-11-15;08:56:04;5,02;10,34;7;93;9,26;16;401;0;50;1;0
2015-11-15;08:56:34;4,8;10,44;7;93;9,36;15;409;0;50;1;0
2015-11-15;08:57:04;4,92;10,5;7;93;9,42;15;413;0;50;1;0
2015-11-15;08:57:34;4,24;10,5;7;93;9,42;15;415;0;50;1;0
2015-11-15;08:58:04;4,49;10,52;7;93;9,44;16;417;0;50;1;0
2015-11-15;08:58:34;4,11;10,46;7;93;9,38;17;421;0;50;1;0
2015-11-15;08:59:05;5,01;10,54;7;93;9,46;19;424;0;50;1;0
2015-11-15;08:59:34;4,21;10,58;7;93;9,5;17;424;0;50;1;0
2015-11-15;09:00:04;4,77;10,64;7;94;9,71;18;426;0;50;1;0
2015-11-15;09:00:34;5,26;10,62;7;94;9,69;18;426;0;50;1;0
2015-11-15;09:01:04;5,19;10,78;7;94;9,85;18;428;0;50;1;0
2015-11-15;09:01:34;5,24;10,8;7;94;9,87;18;428;0;50;1;0
2015-11-15;09:02:04;4,58;10,86;7;94;9,93;18;424;0;50;1;0
2015-11-15;09:02:34;5,38;10,9;7;94;9,97;17;426;0;50;1;0
2015-11-15;09:03:04;4,93;11;7;94;10,07;17;428;0;50;1;0
2015-11-15;09:03:34;5,15;11,06;7;94;10,13;16;426;0;50;1;0
2015-11-15;09:04:05;4,41;11,06;7;94;10,13;15;430;0;50;1;0
2015-11-15;09:04:34;3,98;11,08;7;94;10,15;15;437;0;50;1;0
2015-11-15;09:05:04;4,08;11,08;7;94;10,15;14;441;0;50;1;0
2015-11-15;09:05:34;4,36;11,04;7;94;10,11;13;448;0;50;1;0
2015-11-15;09:06:04;4,2;10,98;8;94;10,05;8;453;0;50;1;0
2015-11-15;09:06:34;4,29;11;8;94;10,07;7;458;0;50;1;0
2015-11-15;09:07:04;4,04;10,96;8;94;10,03;5;461;1;50;1;0
2015-11-15;09:07:40;4,2;11,02;8;94;10,09;0;461;1;0;1;0
2015-11-15;09:08:10;4,52;11,04;8;94;10,11;0;461;1;0;1;0
2015-11-15;09:08:40;4,67;11,12;8;94;10,19;0;461;0;0;1;0
2015-11-15;09:09:10;4,65;11,18;8;94;10,25;0;461;0;0;1;0
2015-11-15;09:09:40;4,29;11,22;8;94;10,29;0;461;0;0;1;0
2015-11-15;09:10:10;4,34;11,26;8;94;10,33;0;461;0;0;1;0
2015-11-15;09:10:40;5,05;11,34;8;94;10,41;0;461;0;0;1;0
2015-11-15;09:11:10;4,27;11,36;8;94;10,43;0;461;0;0;1;0
2015-11-15;09:11:40;3,47;11,3;8;94;10,37;0;458;0;0;1;0
2015-11-15;09:12:10;2,81;11,12;8;94;10,19;0;456;0;0;1;0
2015-11-15;09:12:40;2,64;11,1;8;94;10,17;0;453;0;0;1;0
2015-11-15;09:13:10;2,35;11,06;8;94;10,13;0;453;0;0;1;0
2015-11-15;09:13:40;2,44;11,04;8;94;10,11;0;453;0;0;1;0
2015-11-15;09:14:10;2,6;10,98;8;94;10,05;0;456;0;0;1;0
2015-11-15;09:14:40;2,5;10,96;8;94;10,03;0;458;0;0;1;0
2015-11-15;09:15:10;2,24;10,96;8;94;10,03;0;463;0;0;1;0
2015-11-15;09:15:34;2,06;10,86;8;94;9,93;0;465;0;0;1;0
2015-11-15;09:16:04;1,97;10,82;8;93;9,73;0;471;0;0;1;0
2015-11-15;09:16:34;2,65;10,82;8;93;9,73;0;476;0;0;1;0
2015-11-15;09:17:04;1,69;10,78;8;93;9,69;0;481;0;0;1;0
2015-11-15;09:17:34;1,41;10,66;8;93;9,57;0;489;0;0;1;0
2015-11-15;09:18:04;0,7;10,44;8;93;9,36;0;494;0;0;1;0
2015-11-15;09:18:34;1,32;10,34;8;93;9,26;0;500;0;0;1;0
2015-11-15;09:19:04;1,66;10,22;8;93;9,14;0;505;0;0;1;0
2015-11-15;09:19:34;1,97;10,18;8;93;9,1;0;511;0;0;1;0
2015-11-15;09:20:04;1,54;10,16;8;92;8,92;0;514;0;0;1;0
2015-11-15;09:20:34;1,84;10,1;8;92;8,86;0;517;0;0;1;0
2015-11-15;09:21:04;1,34;10,08;8;92;8,84;0;523;0;0;1;0
2015-11-15;09:21:34;1,91;10,12;8;92;8,88;0;526;0;0;1;0